"Sample_ID","Code","Sample_Date","Sample_Time","Gage_Ht","Temp","pH","Cond","Cl","NO3-N","SO4-S","Na","K","Mg","Ca","NH4-N","PO4-P","DOC","DIC","TDN","TDP","SiO2","DON","ChlorideCode","NitrateCode","SulfateCode","SodiumCode","PotassiumCode","MagnesiumCode","CalciumCode","NH4Code","PO4Code","DOCCode","DICCode","TDNCode","SiO2Code","DONCode","TSS"
"QPB",1578,1989-06-06,NA,NA,21,7.09,61.3,NA,48,NA,5.62,0.35,2.79,3.34,NA,NA,NA,NA,NA,NA,NA,NA,"NA","NA","NA","NA","NA","NA","NA","NA","NA","NA","NA","NA","NA","NA",NA
"QPB",1605,1989-06-13,1108,NA,NA,6.92,61.3,NA,39,NA,5.18,0.29,2.79,3.34,NA,NA,NA,NA,0.48,NA,NA,NA,"NA","NA","NA","NA","NA","NA","NA","NA","NA","NA","NA","NA","NA","NA",NA
"QPB",1659,1989-06-20,945,NA,21.5,7.03,72.8,NA,53,1.16,6.29,0.43,3.34,4.43,NA,NA,NA,NA,NA,NA,21.77,NA,"NA","NA","NA","NA","NA","NA","NA","NA","NA","NA","NA","NA","NA","NA",NA
"QPB",1691,1989-06-27,932,NA,22,7.08,64.9,NA,NA,0.61,6.05,0.33,3.26,3.17,NA,NA,NA,NA,NA,NA,28,NA,"NA","BDL","NA","NA","NA","NA","NA","NA","NA","NA","NA","NA","NA","NA",NA
"QPB",1699,1989-07-05,NA,NA,NA,6.9,53.2,NA,10,NA,5.35,0.41,2.27,2.73,NA,NA,NA,NA,0.32,NA,8.15,NA,"NA","NA","NA","NA","NA","NA","NA","NA","NA","NA","NA","NA","NA","NA",NA
"QPB",1988,1989-07-11,NA,NA,NA,6.89,57.1,NA,13,0.28,5.71,0.42,3,3.39,NA,NA,NA,NA,0.8,NA,25.69,NA,"NA","NA","NA","NA","NA","NA","NA","NA","NA","NA","NA","NA","NA","NA",NA
"QPB",2036,1989-07-18,941,NA,21.5,6.68,59.6,NA,135,NA,6.7,0.36,2.49,2.55,NA,NA,NA,NA,0.61,NA,12.67,NA,"NA","NA","NA","NA","NA","NA","NA","NA","NA","NA","NA","NA","NA","NA",NA
"QPB",2054,1989-07-26,NA,NA,NA,6.95,55.7,NA,9,NA,5.66,0.35,2.46,2.8,NA,NA,NA,NA,NA,NA,NA,NA,"NA","NA","NA","NA","NA","NA","NA","NA","NA","NA","NA","NA","NA","NA",NA
"QPB",2110,1989-08-01,NA,NA,NA,6.78,48.9,NA,31,NA,5.06,0.31,2.09,2.61,NA,NA,NA,NA,0.36,NA,7.96,NA,"NA","NA","NA","NA","NA","NA","NA","NA","NA","NA","NA","NA","NA","NA",NA
"QPB",2127,1989-08-08,1115,NA,22,7.27,63.8,NA,94,NA,6.13,0.3,3.08,3.24,NA,NA,NA,NA,NA,NA,18.71,NA,"NA","NA","NA","NA","NA","NA","NA","NA","NA","NA","NA","NA","NA","NA",NA
"QPB",2141,1989-08-15,1115,NA,22,6.62,58.7,NA,81,NA,5.74,0.33,2.83,3.02,NA,NA,NA,NA,NA,NA,17.6,NA,"NA","NA","NA","NA","NA","NA","NA","NA","NA","NA","NA","NA","NA","NA",NA
"QPB",2154,1989-08-22,1115,NA,21.5,7,65.6,NA,10,NA,4.77,0.36,2.15,2.75,NA,NA,NA,NA,NA,NA,13.72,NA,"NA","NA","NA","NA","NA","NA","NA","NA","NA","NA","NA","NA","NA","NA",NA
"QPB",2163,1989-08-29,959,NA,21,6.9,44.7,NA,69,NA,4.4,0.33,0.15,2.4,NA,NA,NA,NA,0.14,NA,13.07,NA,"NA","NA","NA","NA","NA","NA","NA","NA","NA","NA","NA","NA","NA","NA",NA
"QPB",2202,1989-09-05,915,NA,22,6.56,56.4,NA,72,NA,5.07,0.36,2.64,2.76,NA,NA,NA,NA,NA,NA,17.58,NA,"NA","NA","NA","NA","NA","NA","NA","NA","NA","NA","NA","NA","NA","NA",NA
"QPB",2214,1989-09-12,926,NA,21,6.89,59.5,NA,12,0.47,4.57,0.35,2.05,2.67,NA,NA,NA,NA,0.15,NA,13.15,NA,"NA","NA","NA","NA","NA","NA","NA","NA","NA","NA","NA","NA","NA","NA",NA
"QPB",2223,1989-09-26,NA,NA,21,6.69,74.9,NA,NA,0.97,6.11,0.77,2.22,2.61,NA,NA,NA,NA,NA,NA,11.42,NA,"NA","BDL","NA","NA","NA","NA","NA","NA","NA","NA","NA","NA","NA","NA",NA
"QPB",2236,1989-10-03,1205,NA,22,7.013,78,NA,24,0.5,7.05,0.72,3.47,4.16,NA,NA,NA,NA,NA,NA,NA,NA,"NA","NA","NA","NA","NA","NA","NA","NA","BDL","NA","NA","NA","NA","NA",NA
"QPB",2251,1989-10-10,1103,NA,22,6.799,76,8.09,61,0.5,6.37,0.49,3,3.37,NA,NA,NA,NA,NA,NA,36.25,NA,"NA","NA","NA","NA","NA","NA","NA","NA","BDL","NA","NA","NA","NA","NA",NA
"QPB",2259,1989-10-17,1235,NA,19.5,7.03,91,8.52,87,0.7,6.75,0.59,3.07,3.5,NA,NA,NA,NA,NA,NA,34.52,NA,"NA","NA","NA","NA","NA","NA","NA","NA","BDL","NA","NA","NA","NA","NA",NA
"QPB",2270,1989-10-24,NA,NA,NA,7.233,93,7.28,239,0.73,7.47,0.93,3.69,4.54,NA,NA,NA,NA,NA,NA,24.45,NA,"NA","NA","NA","NA","NA","NA","NA","NA","NA","NA","NA","NA","NA","NA",NA
"QPB",2303,1989-10-31,1230,NA,22,7.2,90.2,NA,209,0.97,7.03,0.76,3.64,3.79,NA,NA,NA,NA,NA,NA,NA,NA,"NA","NA","NA","NA","NA","NA","NA","NA","BDL","NA","NA","NA","NA","NA",NA
"QPB",2313,1989-11-07,NA,NA,NA,NA,NA,NA,131,1.03,6.54,0.81,2.82,3.09,NA,NA,NA,NA,NA,NA,NA,NA,"NA","NA","NA","NA","NA","NA","NA","NA","BDL","NA","NA","NA","NA","NA",NA
"QPB",2330,1989-11-14,1110,NA,22,7.556,76,NA,266,NA,6.15,0.82,2.83,3.13,NA,NA,NA,NA,NA,NA,NA,NA,"NA","NA","NA","NA","NA","NA","NA","NA","BDL","NA","NA","NA","NA","NA",NA
"QPB",2357,1989-11-21,NA,NA,NA,NA,NA,NA,134,0.53,6.11,0.63,2.99,3.09,NA,NA,NA,NA,NA,NA,NA,NA,"NA","NA","NA","NA","NA","NA","NA","NA","BDL","NA","NA","NA","NA","NA",NA
"QPB",2372,1989-11-28,1250,NA,21,7.206,86,8.76,143,0.53,5.35,0.48,3.29,3.55,NA,NA,NA,NA,NA,NA,28.64,NA,"NA","NA","NA","NA","NA","NA","NA","NA","BDL","NA","NA","NA","NA","NA",NA
"QPB",2383,1989-12-05,1122,NA,21,7.54,80,8.22,186,0.47,5.29,0.51,3.45,3.88,NA,NA,NA,NA,NA,NA,28.9,NA,"NA","NA","NA","NA","NA","NA","NA","NA","BDL","NA","NA","NA","NA","NA",NA
"QPB",2394,1989-12-12,1035,NA,21.5,6.75,64.6,7.22,10,0.37,6.17,0.53,4.52,5.87,NA,NA,NA,NA,NA,NA,24.3,NA,"NA","NA","NA","NA","NA","NA","NA","NA","BDL","NA","NA","NA","NA","NA",NA
"QPB",2422,1989-12-19,1135,NA,21,6.91,69.4,NA,180,NA,5.62,0.45,3.81,4.35,NA,NA,NA,NA,NA,NA,NA,NA,"NA","NA","NA","NA","NA","NA","NA","NA","BDL","NA","NA","NA","NA","NA",NA
"QPB",2433,1989-12-26,1235,NA,21,7.35,71.9,NA,171,NA,5.61,0.44,3.91,4.6,NA,NA,NA,NA,NA,NA,17.65,NA,"NA","NA","NA","NA","NA","NA","NA","NA","BDL","NA","NA","NA","NA","NA",NA
"QPB",2444,1990-01-02,1105,NA,21,6.76,78.8,NA,NA,0.53,5.79,1.01,3.09,3.99,NA,NA,NA,NA,NA,NA,21.76,NA,"NA","NA","NA","NA","NA","NA","NA","NA","BDL","NA","NA","NA","NA","NA",NA
"QPB",2455,1990-01-09,1030,NA,20,6.98,64,NA,181,NA,5.54,0.55,3.26,3.75,NA,NA,NA,NA,NA,NA,12.85,NA,"NA","NA","NA","NA","NA","NA","NA","NA","BDL","NA","NA","NA","NA","NA",NA
"QPB",2486,1990-01-16,1125,NA,21,6.91,64.9,NA,25,0.69,5.45,0.6,3.38,3.94,NA,NA,NA,NA,0.42,NA,NA,NA,"NA","NA","NA","NA","NA","NA","NA","NA","BDL","NA","NA","NA","NA","NA",NA
"QPB",2495,1990-01-23,1110,NA,20,6.97,56,8.52,38,0.8,5.35,0.65,2.69,1.48,NA,NA,NA,NA,0.25,NA,12.66,NA,"NA","NA","NA","NA","NA","NA","NA","NA","BDL","NA","NA","NA","NA","NA",NA
"QPB",2510,1990-01-30,1110,NA,20,6.82,47.8,7.89,173,0.34,5.35,0.6,2.75,3.26,NA,NA,NA,NA,0.34,NA,13.73,NA,"NA","NA","NA","NA","NA","NA","NA","NA","BDL","NA","NA","NA","NA","NA",NA
"QPB",2542,1990-02-06,1045,NA,19.5,6.9,87.6,11.3,142,0.29,6.6,0.57,2.85,3.52,NA,NA,NA,NA,0.65,NA,11.1,NA,"NA","NA","NA","NA","NA","NA","NA","NA","BDL","NA","NA","NA","NA","NA",NA
"QPB",2553,1990-02-13,1045,NA,20,6.77,77.4,14.66,663,0.5,6.04,0.69,3.12,3.49,NA,NA,NA,NA,0.38,NA,9.36,NA,"NA","NA","NA","NA","NA","NA","NA","NA","BDL","NA","NA","NA","NA","NA",NA
"QPB",2567,1990-02-20,1235,NA,20,6.77,60.7,10.07,378,0.53,5.05,0.77,2.87,3.25,NA,NA,NA,NA,0.19,NA,8.48,NA,"NA","NA","NA","NA","NA","NA","NA","NA","BDL","NA","NA","NA","NA","NA",NA
"QPB",2605,1990-02-27,145,NA,20,7.1,60.1,9.61,146,0.33,6.03,0.64,2.97,3.48,NA,NA,NA,NA,NA,NA,8.09,NA,"NA","NA","NA","NA","NA","NA","NA","NA","BDL","NA","NA","BDL","NA","NA",NA
"QPB",2615,1990-03-06,1100,NA,20,7.01,77.8,3.62,130,0.28,6.19,0.6,3.12,3.57,NA,NA,NA,NA,NA,NA,8.6,NA,"NA","NA","NA","NA","NA","NA","NA","NA","BDL","NA","NA","NA","NA","NA",NA
"QPB",2626,1990-03-13,1005,NA,20,6.23,46.1,7.36,292,0.74,4.41,1.04,1.09,1.56,NA,NA,NA,NA,NA,NA,2.3,NA,"NA","NA","NA","NA","NA","NA","NA","NA","BDL","NA","NA","BDL","NA","NA",NA
"QPB",2662,1990-03-20,1150,NA,20,6.97,69.2,8.85,135,0.58,5.84,0.68,2.84,3.13,NA,NA,NA,NA,NA,NA,7.79,NA,"NA","NA","NA","NA","NA","NA","NA","NA","BDL","NA","NA","BDL","NA","NA",NA
"QPB",2673,1990-03-27,NA,NA,NA,NA,NA,9.14,278,0.8,5.68,0.8,2.57,3.1,NA,NA,NA,NA,NA,NA,6.15,NA,"NA","NA","NA","NA","NA","NA","NA","NA","BDL","NA","NA","NA","NA","NA",NA
"QPB",2740,1990-04-03,1031,NA,NA,7.17,75.6,NA,169,0.58,5.99,0.6,2.98,3.34,NA,NA,0.94,NA,NA,NA,NA,NA,"NA","NA","NA","NA","NA","NA","NA","NA","NA","NA","NA","NA","NA","NA",NA
"QPB",2941,1990-04-10,1059,NA,21,7.23,81.3,NA,18,0.77,5.41,0.57,3.32,3.56,NA,NA,0.79,NA,0.5,NA,NA,NA,"NA","NA","NA","NA","NA","NA","NA","NA","BDL","NA","NA","NA","NA","NA",NA
"QPB",2995,1990-04-17,1018,NA,NA,7.05,80.3,NA,192,0.93,5.56,0.56,3.14,3.33,NA,NA,2.66,NA,0.64,NA,NA,NA,"NA","NA","NA","NA","NA","NA","NA","NA","BDL","NA","NA","NA","NA","NA",NA
"QPB",3006,1990-04-24,NA,NA,NA,NA,NA,NA,153,NA,5.65,0.57,3.24,3.45,NA,NA,1.16,NA,NA,NA,NA,NA,"NA","NA","NA","NA","NA","NA","NA","NA","BDL","NA","NA","NA","NA","NA",NA
"QPB",3037,1990-05-01,1037,NA,21,6.86,73,NA,218,NA,5.4,0.62,2.95,3.27,NA,NA,1.71,NA,0.57,NA,NA,NA,"NA","NA","BDL","NA","NA","NA","NA","NA","BDL","NA","NA","NA","NA","NA",NA
"QPB",3216,1990-05-08,1012,NA,22,7.05,84.9,8.32,70,0.35,5.75,0.58,3.48,3.76,NA,NA,NA,NA,0.26,NA,8.8,NA,"NA","NA","NA","NA","NA","NA","NA","NA","NA","NA","NA","NA","NA","NA",NA
"QPB",3226,1990-05-15,1015,NA,21,6.77,62.5,9.05,157,NA,4.96,0.62,2.25,2.6,NA,NA,2.87,NA,0.66,NA,4.94,NA,"NA","NA","NA","NA","NA","NA","NA","NA","BDL","NA","NA","NA","NA","NA",NA
"QPB",3242,1990-05-22,1001,NA,22,6.97,81.8,NA,126,0.41,NA,0.63,3.17,3.42,NA,NA,0.94,NA,0.44,NA,NA,NA,"NA","NA","NA","NA","NA","NA","NA","NA","BDL","NA","NA","NA","NA","NA",NA
"QPB",3349,1990-05-29,1016,NA,23,6.78,84.4,8.35,143,NA,6.02,0.6,3.58,3.68,NA,NA,1.65,NA,0.34,NA,NA,NA,"NA","NA","NA","NA","NA","NA","NA","NA","BDL","NA","NA","NA","NA","NA",NA
"QPB",3456,1990-06-05,938,NA,22,6.69,68.1,8.33,215,0.51,5.52,0.61,2.83,3.11,NA,NA,2.7,NA,NA,NA,NA,NA,"NA","NA","NA","NA","NA","NA","NA","NA","BDL","NA","NA","NA","NA","NA",NA
"QPB",3470,1990-06-12,1027,NA,22.5,6.91,73.5,7.95,121,0.39,5.62,0.69,2.91,3.32,NA,NA,0.94,NA,NA,NA,NA,NA,"NA","NA","NA","NA","NA","NA","NA","NA","BDL","NA","NA","NA","NA","NA",NA
"QPB",3481,1990-06-19,1015,NA,22,7.02,79.7,8.95,132,0.48,5.98,0.61,3.37,3.75,NA,NA,1.18,NA,NA,NA,NA,NA,"NA","NA","NA","NA","NA","NA","NA","NA","BDL","NA","NA","NA","NA","NA",NA
"QPB",3492,1990-06-26,1007,NA,22,6.8,55.5,NA,150,0.63,4.99,0.63,2.32,3.21,NA,NA,3.1,NA,0.8,NA,NA,NA,"NA","NA","NA","NA","NA","NA","NA","NA","NA","NA","NA","NA","NA","NA",NA
"QPB",3503,1990-07-03,1055,NA,22.5,7.03,76.6,8.18,138,0.91,5.91,0.6,3.34,3.63,NA,NA,1.03,NA,0.43,NA,8.73,NA,"NA","NA","NA","NA","NA","NA","NA","NA","BDL","NA","NA","NA","NA","NA",NA
"QPB",3514,1990-07-10,1026,NA,22,6.78,74.2,9.57,124,NA,5.76,0.61,3.3,3.58,NA,NA,1.09,NA,0.47,NA,8.35,NA,"NA","NA","NA","NA","NA","NA","NA","NA","BDL","NA","NA","NA","NA","NA",NA
"QPB",3528,1990-07-17,104,NA,23,7.1,85.4,7.73,97,0.69,5.75,0.58,3.3,3.73,NA,NA,3.77,NA,NA,NA,7.77,NA,"NA","NA","NA","NA","NA","NA","NA","NA","BDL","NA","NA","NA","NA","NA",NA
"QPB",3539,1990-07-24,1045,NA,22,6.71,56.1,NA,169,0.71,4.85,0.58,2.22,2.71,NA,NA,NA,NA,NA,NA,NA,NA,"NA","NA","NA","NA","NA","NA","NA","NA","BDL","NA","NA","NA","NA","NA",NA
"QPB",3550,1990-07-31,959,NA,22,6.99,76.8,NA,63,0.65,6.09,0.55,3.47,3.82,NA,NA,1.28,NA,0.28,NA,NA,NA,"NA","NA","NA","NA","NA","NA","NA","NA","BDL","NA","NA","NA","NA","NA",NA
"QPB",3561,1990-08-07,1055,NA,23,7.12,90.4,NA,133,0.3,6.53,0.57,4.16,5.12,NA,NA,0.99,NA,0.21,NA,NA,NA,"NA","NA","NA","NA","NA","NA","NA","NA","BDL","NA","NA","NA","NA","NA",NA
"QPB",3669,1990-08-14,1125,NA,22.5,6.74,58.2,10.28,80,0.36,4.84,0.59,1.98,2.24,NA,NA,2.45,NA,0.3,NA,6.06,NA,"NA","NA","NA","NA","NA","NA","NA","NA","BDL","NA","NA","NA","NA","NA",NA
"QPB",3680,1990-08-21,1017,NA,23,7,78.4,11.79,116,1.5,5.06,0.55,3.09,3.72,NA,NA,1.54,NA,0.19,NA,NA,NA,"NA","NA","NA","NA","NA","NA","NA","NA","NA","NA","NA","NA","NA","NA",NA
"QPB",3691,1990-08-28,930,NA,23,6.1,81.1,4.49,79,0.49,6.17,0.54,3.6,4.2,NA,NA,1.24,NA,0.17,NA,NA,NA,"NA","NA","NA","NA","NA","NA","NA","NA","BDL","NA","NA","NA","NA","NA",NA
"QPB",3702,1990-09-04,940,NA,23,7.456,73.4,12.02,99,0.85,5.66,0.49,2.94,3.58,NA,NA,2.2,NA,0.26,NA,NA,NA,"NA","NA","NA","NA","NA","NA","NA","NA","BDL","NA","NA","NA","NA","NA",NA
"QPB",3713,1990-09-11,1040,NA,24,7.28,77.8,14.27,61,0.75,6.12,0.48,3.4,4.19,NA,NA,1.32,NA,0.19,NA,NA,NA,"NA","NA","NA","NA","NA","NA","NA","NA","BDL","NA","NA","NA","NA","NA",NA
"QPB",3724,1990-09-18,1028,NA,24,7.14,65.8,4.69,5,0.68,5.58,0.44,2.91,3.61,NA,NA,NA,NA,0.23,NA,NA,NA,"NA","NA","NA","NA","NA","NA","NA","NA","BDL","NA","NA","NA","NA","NA",NA
"QPB",3995,1990-09-25,905,NA,22.5,7.1,74.5,4.55,68,0.65,5.67,0.49,2.99,3.6,NA,NA,2.97,NA,0.3,NA,NA,NA,"NA","NA","NA","NA","NA","NA","NA","NA","BDL","NA","NA","NA","NA","NA",NA
"QPB",4015,1990-10-02,920,NA,23.5,7.39,78,7.91,69,0.73,5.89,0.46,3.51,4.36,NA,NA,3.15,NA,0.27,NA,NA,NA,"NA","NA","NA","NA","NA","NA","NA","NA","BDL","NA","NA","NA","NA","NA",NA
"QPB",4087,1990-10-09,1025,NA,23,6.96,72.1,8.28,131,0.86,5.36,0.48,2.56,3.29,NA,19,2.35,NA,NA,NA,NA,NA,"NA","NA","NA","NA","NA","NA","NA","NA","NA","NA","NA","NA","NA","NA",NA
"QPB",4098,1990-10-16,1115,NA,22,7.18,80.2,7.78,67,0.71,5.81,0.48,3.05,3.46,NA,16,NA,NA,0.31,NA,NA,NA,"NA","NA","NA","NA","NA","NA","NA","NA","NA","NA","NA","NA","NA","NA",NA
"QPB",4174,1990-10-23,1105,NA,22,6.12,69,NA,93,0.71,5.46,0.5,2.79,2.95,NA,NA,NA,NA,0.33,NA,NA,NA,"NA","NA","NA","NA","NA","NA","NA","NA","BDL","NA","NA","NA","NA","NA",NA
"QPB",4314,1990-10-30,1017,NA,23,7.21,63.5,NA,7,0.57,4.75,0.47,2.44,2.57,NA,NA,NA,NA,0.39,NA,NA,NA,"NA","NA","NA","NA","NA","NA","NA","NA","BDL","NA","NA","NA","NA","NA",NA
"QPB",4325,1990-11-06,1020,NA,22.5,7.22,77.8,NA,26,0.57,2.93,0.25,1.86,2.54,NA,NA,NA,NA,0.23,NA,NA,NA,"NA","NA","NA","NA","NA","NA","NA","NA","BDL","NA","NA","NA","NA","NA",NA
"QPB",4336,1990-11-13,1036,NA,22,7.24,78.5,NA,138,0.81,6.43,0.57,4.28,2.01,NA,5,NA,NA,0.41,NA,NA,NA,"NA","NA","NA","NA","NA","NA","NA","NA","NA","NA","NA","NA","NA","NA",NA
"QPB",4371,1990-11-20,920,NA,22,7.38,80.1,NA,152,0.41,5.97,0.45,3.39,3.5,NA,NA,NA,NA,0.48,NA,NA,NA,"NA","NA","NA","NA","NA","NA","NA","NA","BDL","NA","NA","NA","NA","NA",NA
"QPB",4397,1990-11-27,1219,NA,22,7.17,70.1,NA,119,0.62,5.37,0.48,2.85,3.38,NA,5,NA,NA,0.22,NA,NA,NA,"NA","NA","NA","NA","NA","NA","NA","NA","NA","NA","NA","NA","NA","NA",NA
"QPB",4408,1990-12-04,1224,NA,23,6.73,63.9,NA,113,0.67,5.56,0.48,0.37,0.25,NA,NA,NA,NA,0.89,NA,NA,NA,"NA","NA","NA","NA","NA","NA","NA","NA","NA","NA","NA","NA","NA","NA",NA
"QPB",4422,1990-12-11,1042,NA,20.5,7.08,69.2,NA,118,0.8,5.56,0.29,3.01,3.44,NA,NA,NA,NA,0.43,NA,NA,NA,"NA","NA","NA","NA","NA","NA","NA","NA","BDL","NA","NA","NA","NA","NA",NA
"QPB",4492,1990-12-18,1129,NA,21,6.92,68.5,NA,96,0.76,5.36,0.48,2.9,3.34,NA,NA,NA,NA,0.15,NA,NA,NA,"NA","NA","NA","NA","NA","NA","NA","NA","BDL","NA","NA","NA","NA","NA",NA
"QPB",4569,1990-12-25,203,NA,20.5,6.98,82.2,NA,105,0.76,5.62,0.43,3.09,3.55,NA,NA,NA,NA,0.29,NA,NA,NA,"NA","NA","NA","NA","NA","NA","NA","NA","BDL","NA","NA","NA","NA","NA",NA
"QPB",4581,1990-12-31,1154,NA,20.5,6.71,57.5,NA,86,0.95,4.6,0.62,1.64,1.97,NA,NA,NA,NA,0.46,NA,NA,NA,"NA","NA","NA","NA","NA","NA","NA","NA","BDL","NA","NA","NA","NA","NA",NA
"QPB",4779,1991-01-08,NA,NA,NA,NA,NA,NA,35,0.79,2.9,0.37,0.52,3.03,NA,NA,NA,NA,0.09,NA,8.55,NA,"NA","NA","NA","NA","NA","NA","NA","NA","BDL","NA","NA","NA","NA","NA",NA
"QPB",4776,1991-01-15,958,NA,20.5,6.92,71.8,NA,112,1.52,3.3,0.42,2.86,3.46,NA,NA,NA,NA,0.18,NA,8.73,NA,"NA","NA","NA","NA","NA","NA","NA","NA","BDL","NA","NA","NA","NA","NA",NA
"QPB",4765,1991-01-22,1151,NA,19,7.19,71.5,NA,NA,NA,3.51,0.35,2.91,3.41,NA,NA,NA,NA,0.15,NA,NA,NA,"NA","NA","NA","NA","NA","NA","NA","NA","BDL","NA","NA","NA","NA","NA",NA
"QPB",4790,1991-01-29,NA,NA,NA,NA,NA,NA,NA,1.82,3.9,0.41,3.25,3.98,NA,57,NA,NA,0.15,NA,8.55,NA,"NA","NA","NA","NA","NA","NA","NA","NA","NA","NA","NA","NA","NA","NA",NA
"QPB",4802,1991-02-05,1130,NA,20,7.44,80.2,NA,95,1.35,3.4,0.42,3.33,3.67,NA,4,NA,NA,0.13,NA,NA,NA,"NA","NA","NA","NA","NA","NA","NA","NA","NA","NA","NA","NA","NA","NA",NA
"QPB",4814,1991-02-12,1156,NA,20.5,7.24,75.5,NA,28,1.24,3.61,0.44,3.36,4.13,NA,NA,NA,NA,0.11,NA,NA,NA,"NA","NA","NA","NA","NA","NA","NA","NA","BDL","NA","NA","NA","NA","NA",NA
"QPB",4826,1991-02-19,1023,NA,21.5,7.04,58,NA,176,1.86,3.1,0.42,2.18,2.76,NA,4,NA,NA,0.48,NA,NA,NA,"NA","NA","NA","NA","NA","NA","NA","NA","NA","NA","NA","NA","NA","NA",NA
"QPB",4838,1991-02-26,1111,NA,20.5,6.96,71.8,NA,78,0.81,3.4,0.38,3.24,3.43,NA,NA,NA,NA,0.23,NA,NA,NA,"NA","NA","NA","NA","NA","NA","NA","NA","BDL","NA","NA","NA","NA","NA",NA
"QPB",4850,1991-03-05,1055,NA,20,6.99,67.2,NA,109,0.87,5.48,0.36,3,3.48,NA,NA,NA,NA,0.27,NA,NA,NA,"NA","NA","NA","NA","NA","NA","NA","NA","NA","NA","NA","NA","NA","NA",NA
"QPB",4862,1991-03-12,1110,NA,19.5,7.02,73,NA,102,0.74,5.64,0.83,3.13,3.7,NA,NA,NA,NA,0.19,NA,NA,NA,"NA","NA","NA","NA","NA","NA","NA","NA","NA","NA","NA","NA","NA","NA",NA
"QPB",4874,1991-03-19,915,NA,20,6.63,66.9,NA,148,0.75,6.35,NA,2.8,3.6,NA,6,NA,NA,0.24,NA,NA,NA,"NA","NA","NA","NA","NA","NA","NA","NA","NA","NA","NA","NA","NA","NA",NA
"QPB",4886,1991-03-26,1100,NA,20,6.88,77.2,NA,103,0.76,5.77,0.37,3.04,3.57,NA,14,NA,NA,0.14,NA,NA,NA,"NA","NA","NA","NA","NA","NA","NA","NA","NA","NA","NA","NA","NA","NA",NA
"QPB",4948,1991-04-02,1225,NA,20.5,7.3,79.1,NA,173,0.79,6,0.42,3.37,3.91,NA,NA,NA,NA,0.16,NA,NA,NA,"NA","NA","NA","NA","NA","NA","NA","NA","BDL","NA","NA","NA","NA","NA",NA
"QPB",4981,1991-04-09,1120,NA,20,7.01,71.6,NA,98,NA,5.83,0.38,2.73,3.16,NA,NA,NA,NA,0.12,NA,NA,NA,"NA","NA","NA","NA","NA","NA","NA","NA","BDL","NA","NA","NA","NA","NA",NA
"QPB",5055,1991-04-15,930,NA,22,7.02,71.3,NA,126,NA,5.62,0.56,2.53,3.11,NA,NA,NA,NA,NA,NA,NA,NA,"NA","NA","NA","NA","NA","NA","NA","NA","BDL","NA","NA","NA","NA","NA",NA
"QPB",5128,1991-04-23,1131,NA,22,6.93,70.4,NA,88,NA,6.4,0.54,2.75,3.33,NA,NA,NA,NA,NA,NA,NA,NA,"NA","NA","NA","NA","NA","NA","NA","NA","BDL","NA","NA","NA","NA","NA",NA
"QPB",5208,1991-04-30,1052,NA,21,7.15,79.4,NA,19,NA,6.75,0.48,2.22,2.71,NA,6,NA,NA,NA,NA,NA,NA,"NA","NA","NA","NA","NA","NA","NA","NA","NA","NA","NA","NA","NA","NA",NA
"QPB",5440,1991-05-07,1114,NA,21.5,7.33,71.5,NA,18,NA,5.99,0.44,1.62,3.09,NA,NA,NA,NA,0.16,NA,NA,NA,"NA","NA","NA","NA","NA","NA","NA","NA","BDL","NA","NA","NA","NA","NA",NA
"QPB",5555,1991-05-14,1230,NA,21.5,7.11,72.2,NA,75,0.85,5.49,0.49,1.77,3.08,NA,7,NA,NA,0.14,NA,NA,NA,"NA","NA","NA","NA","NA","NA","NA","NA","NA","NA","NA","NA","NA","NA",NA
"QPB",6079,1991-05-21,1008,NA,22,7.08,78.5,NA,78,0.85,4.84,0.36,3.14,3.7,NA,NA,NA,NA,0.29,NA,NA,NA,"NA","NA","NA","NA","NA","NA","NA","NA","BDL","NA","NA","NA","NA","NA",NA
"QPB",6122,1991-05-28,1053,NA,22,6.98,73.1,NA,14,0.84,6.12,0.44,3.14,3.86,NA,NA,NA,NA,0.16,NA,NA,NA,"NA","NA","NA","NA","NA","NA","NA","NA","BDL","NA","NA","NA","NA","NA",NA
"QPB",6164,1991-06-04,1036,NA,23,7.01,79.7,NA,36,NA,6.59,0.47,1.79,3.08,NA,NA,NA,NA,0.12,NA,NA,NA,"NA","NA","NA","NA","NA","NA","NA","NA","NA","NA","NA","NA","NA","NA",NA
"QPB",6277,1991-06-11,1140,NA,22,7.06,79.5,8.03,95,NA,5.97,0.6,0.73,3.48,NA,9,NA,NA,0.39,NA,NA,NA,"NA","NA","NA","NA","NA","NA","NA","NA","NA","NA","NA","NA","NA","NA",NA
"QPB",6314,1991-06-18,1300,NA,23,7.3,83.9,12.84,105,1.48,6.64,0.46,0.83,2.31,NA,NA,NA,NA,0.34,NA,NA,NA,"NA","NA","NA","NA","NA","NA","NA","NA","BDL","NA","NA","NA","NA","NA",NA
"QPB",6401,1991-06-25,1136,NA,23,7.09,87.2,8.03,6,0.77,6.41,0.45,1.66,3.11,NA,NA,NA,NA,0.22,NA,NA,NA,"NA","NA","NA","NA","NA","NA","NA","NA","BDL","NA","NA","NA","NA","NA",NA
"QPB",6414,1991-07-02,1046,NA,23,7.42,75.2,8.46,18,0.88,5.54,0.42,1.62,3.21,NA,NA,NA,NA,0.31,NA,NA,NA,"NA","NA","NA","NA","NA","NA","NA","NA","NA","NA","NA","NA","NA","NA",NA
"QPB",6427,1991-07-09,1215,NA,23,7.49,82.4,8.23,64,0.82,6.23,0.48,1.55,3.11,NA,NA,NA,NA,0.34,NA,NA,NA,"NA","NA","NA","NA","NA","NA","NA","NA","NA","NA","NA","NA","NA","NA",NA
"QPB",6475,1991-07-16,1205,NA,22,7.03,52.5,8.09,73,1.29,4.85,0.53,3.17,3.9,NA,NA,NA,NA,0.54,NA,NA,NA,"NA","NA","NA","NA","NA","NA","NA","NA","NA","NA","NA","NA","NA","NA",NA
"QPB",6486,1991-07-23,1130,NA,22.5,7.3,90.5,NA,25,0.73,6.68,0.38,3.32,3.92,NA,NA,NA,NA,0.13,NA,NA,NA,"NA","NA","NA","NA","NA","NA","NA","NA","BDL","NA","NA","NA","NA","NA",NA
"QPB",6501,1991-07-30,1315,NA,23,7.12,83,7.6,89,0.75,6.67,0.35,2.91,3.14,NA,NA,NA,NA,NA,NA,NA,NA,"NA","NA","NA","NA","NA","NA","NA","NA","BDL","NA","NA","NA","NA","NA",NA
"QPB",6661,1991-08-06,1030,NA,23,7.16,87.6,2.21,143,1.87,6.92,0.4,4.5,4.37,NA,NA,NA,NA,NA,NA,NA,NA,"NA","NA","NA","NA","NA","NA","NA","NA","BDL","NA","NA","NA","NA","NA",NA
"QPB",6775,1991-08-13,1035,NA,24,6.99,86.6,8,102,0.76,7,0.39,4.56,2.78,NA,NA,NA,NA,NA,NA,NA,NA,"NA","NA","NA","NA","NA","NA","NA","NA","BDL","NA","NA","NA","NA","NA",NA
"QPB",6788,1991-08-20,1205,NA,23,6.93,89.1,NA,32,0.79,6.26,0.41,4.47,4.95,NA,NA,NA,NA,NA,NA,NA,NA,"NA","NA","NA","NA","NA","NA","NA","NA","BDL","NA","NA","NA","NA","NA",NA
"QPB",6919,1991-08-27,1115,NA,22.5,6.85,58.3,6.19,86,1.08,5.02,0.47,2.41,3.19,NA,NA,NA,NA,NA,NA,15.19,NA,"NA","NA","NA","NA","NA","NA","NA","NA","BDL","NA","NA","NA","NA","NA",NA
"QPB",7130,1991-09-03,1135,NA,23,7.16,87.1,NA,15,0.65,6.34,0.46,3.2,3.27,NA,NA,NA,NA,NA,NA,18.56,NA,"NA","NA","NA","NA","NA","NA","NA","NA","BDL","NA","NA","NA","NA","NA",NA
"QPB",7143,1991-09-10,NA,NA,NA,7.13,82.6,NA,59,0.7,5.78,0.46,2.88,3.69,NA,NA,NA,NA,NA,NA,23.7,NA,"NA","NA","NA","NA","NA","NA","NA","NA","BDL","NA","NA","NA","NA","NA",NA
"QPB",7156,1991-09-17,1312,NA,22,7.26,75,7.15,59,0.11,6.99,0.55,3.42,4.35,NA,NA,NA,NA,NA,NA,19.61,NA,"NA","NA","NA","NA","NA","NA","NA","NA","BDL","NA","NA","NA","NA","NA",NA
"QPB",7195,1991-09-24,1320,NA,23,7.23,77.5,6.76,62,0.93,7,0.54,3.76,4.22,NA,NA,NA,NA,NA,NA,20.88,NA,"NA","NA","NA","NA","NA","NA","NA","NA","BDL","NA","NA","NA","NA","NA",NA
"QPB",7208,1991-10-01,1026,NA,22.5,6.92,62,7.29,78,1.3,6.62,0.54,2.99,3.06,NA,NA,NA,NA,NA,NA,15.63,NA,"NA","NA","NA","NA","NA","NA","NA","NA","BDL","NA","NA","NA","NA","NA",NA
"QPB",7221,1991-10-08,1100,NA,23,7.25,94.3,5.34,160,0.11,6.7,0.5,3.66,4.08,NA,NA,NA,NA,NA,NA,22.06,NA,"NA","NA","NA","NA","NA","NA","NA","NA","BDL","NA","NA","NA","NA","NA",NA
"QPB",7234,1991-10-15,1040,NA,22,7.33,96.9,7.54,176,0.78,6.56,0.48,3.58,3.46,NA,4,NA,NA,NA,NA,25.48,NA,"NA","NA","NA","NA","NA","NA","NA","NA","NA","NA","NA","NA","NA","NA",NA
"QPB",7247,1991-10-22,927,NA,23,7.22,107.8,8.19,NA,2.05,7.11,0.46,4.17,4.23,NA,6,1.54,NA,NA,NA,27.25,NA,"NA","NA","NA","NA","NA","NA","NA","NA","NA","NA","NA","NA","NA","NA",NA
"QPB",7260,1991-10-29,935,NA,19.5,7.07,86,7.45,110,0.12,3.89,NA,1.61,5.72,NA,NA,NA,NA,NA,NA,23.73,NA,"NA","NA","NA","NA","NA","NA","NA","NA","BDL","NA","NA","NA","NA","NA",NA
"QPB",7273,1991-11-05,950,NA,21,7.16,63.5,8.15,105,0.83,5.54,1.61,2.6,2.62,NA,30,NA,NA,NA,NA,15.76,NA,"NA","NA","NA","NA","NA","NA","NA","NA","NA","NA","NA","NA","NA","NA",NA
"QPB",7286,1991-11-12,1125,NA,21,7.16,59.6,7.25,83,0.61,5.29,0.44,2.19,2.54,NA,NA,2.44,NA,NA,NA,16.36,NA,"NA","NA","NA","NA","NA","NA","NA","NA","BDL","NA","NA","NA","NA","NA",NA
"QPB",7305,1991-11-18,1037,NA,20.5,7.11,70.9,4.41,46,0.93,6.03,0.4,2.9,3.37,NA,NA,2.07,NA,NA,NA,19.35,NA,"NA","NA","NA","NA","NA","NA","NA","NA","BDL","NA","NA","NA","NA","NA",NA
"QPB",7318,1991-11-26,1112,NA,21,7.07,53.9,7.45,70,0.92,5.99,0.46,2.54,2.28,NA,NA,NA,NA,NA,NA,16.07,NA,"NA","NA","NA","NA","NA","NA","NA","NA","BDL","NA","NA","NA","NA","NA",NA
"QPB",7435,1991-12-03,1205,NA,NA,7,55.4,4.81,14,0.85,5.21,0.37,2.14,2.2,NA,NA,NA,NA,NA,NA,10.53,NA,"NA","NA","NA","NA","NA","NA","NA","NA","BDL","NA","NA","NA","NA","NA",NA
"QPB",7448,1991-12-10,1100,NA,NA,7.35,65.3,8.14,75,1.26,5.91,0.48,2.61,2.33,NA,NA,NA,NA,NA,NA,19.37,NA,"NA","NA","NA","NA","NA","NA","NA","NA","BDL","NA","NA","NA","NA","NA",NA
"QPB",7461,1991-12-17,1201,NA,20.5,7.14,64,9.12,79,1.2,6.25,0.45,3.02,3.64,NA,NA,NA,NA,NA,NA,17.48,NA,"NA","NA","NA","NA","NA","NA","NA","NA","BDL","NA","NA","NA","NA","NA",NA
"QPB",7474,1991-12-23,1030,NA,19,7.54,71.5,9.15,75,1.23,6.53,0.46,3.1,3.88,NA,9,NA,NA,NA,NA,16.36,NA,"NA","NA","NA","NA","NA","NA","NA","NA","NA","NA","NA","NA","NA","NA",NA
"QPB",7487,1991-12-30,1115,NA,20,7.21,77.9,9.33,133,0.56,6.52,0.4,3.3,3.88,NA,NA,NA,NA,NA,NA,16.35,NA,"NA","NA","NA","NA","NA","NA","NA","NA","BDL","NA","NA","NA","NA","NA",NA
"QPB",7500,1992-01-07,230,NA,NA,7.08,71.2,8.25,181,0.39,5.7,0.46,2.68,3.23,NA,NA,NA,NA,NA,NA,14.81,NA,"NA","NA","NA","NA","NA","NA","NA","NA","BDL","NA","NA","NA","NA","NA",NA
"QPB",7513,1992-01-14,1135,NA,19.5,7.28,67.3,8.56,68,0.61,5.82,0.32,2.49,2.98,NA,19,1.52,NA,NA,NA,12.99,NA,"NA","NA","NA","NA","NA","NA","NA","NA","NA","NA","NA","NA","NA","NA",NA
"QPB",8644,1992-01-21,1045,NA,20,7.28,78.5,8.92,80,0.46,6.78,0.42,3.38,3.96,NA,6,0.84,NA,NA,NA,18.04,NA,"NA","NA","NA","NA","NA","NA","NA","NA","NA","NA","NA","NA","NA","NA",NA
"QPB",9036,1992-01-28,1035,NA,20,7.32,93.5,2.82,42,0.31,7.16,0.57,3.7,4.08,NA,10,1.73,NA,NA,NA,24.5,NA,"NA","NA","NA","NA","NA","NA","NA","NA","NA","NA","NA","NA","NA","NA",NA
"QPB",9121,1992-02-04,930,NA,19,7.27,89.4,7.85,129,0.83,6.69,0.47,3.64,3.92,NA,NA,2.37,NA,NA,NA,21.9,NA,"NA","NA","NA","NA","NA","NA","NA","NA","NA","NA","NA","NA","NA","NA",NA
"QPB",9134,1992-02-11,925,NA,NA,7.48,91.6,NA,92,0.26,8.98,0.66,4.77,6.63,NA,NA,NA,NA,NA,NA,23.84,NA,"NA","NA","NA","NA","NA","NA","NA","NA","NA","NA","NA","NA","NA","NA",NA
"QPB",9208,1992-02-18,910,NA,20,7.36,103,NA,107,2,7.17,0.56,4.28,5.81,NA,NA,NA,NA,NA,NA,26.74,NA,"NA","NA","NA","NA","NA","NA","NA","NA","BDL","NA","NA","NA","NA","NA",NA
"QPB",9221,1992-02-25,1025,NA,20,7.36,110.05,NA,22,1.6,7.18,0.42,4.24,4.88,NA,NA,NA,NA,NA,NA,NA,NA,"NA","NA","NA","NA","NA","NA","NA","NA","BDL","NA","NA","NA","NA","NA",NA
"QPB",9234,1992-03-03,835,NA,20,6.85,105.6,NA,162,1.07,10.48,0.68,6.24,8.66,NA,NA,NA,NA,NA,NA,28.11,NA,"NA","NA","NA","NA","NA","NA","NA","NA","BDL","NA","NA","NA","NA","NA",NA
"QPB",9479,1992-03-10,1025,NA,20,6.89,108.1,NA,131,0.82,7.08,0.44,4.32,5.33,NA,5,NA,NA,NA,NA,26.99,NA,"NA","NA","NA","NA","NA","NA","NA","NA","NA","NA","NA","NA","NA","NA",NA
"QPB",9492,1992-03-17,955,NA,20,7.13,102.1,NA,18,0.77,7.24,0.54,4.48,5.69,NA,9,NA,NA,NA,NA,28.11,NA,"NA","NA","NA","NA","NA","NA","NA","NA","NA","NA","NA","NA","NA","NA",NA
"QPB",9505,1992-03-24,NA,NA,NA,NA,NA,NA,NA,NA,8.31,0.76,3.85,5.9,NA,NA,NA,NA,NA,NA,NA,NA,"NA","NA","NA","NA","NA","NA","NA","NA","BDL","NA","NA","NA","NA","NA",NA
"QPB",9518,1992-04-01,925,NA,20,6.92,104.2,NA,121,0.65,10.33,0.69,5.48,7.81,NA,6,NA,NA,NA,NA,27.75,NA,"NA","NA","NA","NA","NA","NA","NA","NA","NA","NA","NA","NA","NA","NA",NA
"QPB",9531,1992-04-07,900,NA,21,6.86,100.9,NA,10,0.77,6.62,0.37,5.02,5.56,NA,NA,NA,NA,NA,NA,NA,NA,"NA","NA","NA","NA","NA","NA","NA","NA","NA","NA","NA","NA","NA","NA",NA
"QPB",9544,1992-04-14,915,NA,20.5,6.93,89.3,NA,34,0.49,8.06,0.6,3.74,4.75,NA,NA,NA,NA,NA,NA,19.55,NA,"NA","NA","NA","NA","NA","NA","NA","NA","NA","NA","NA","NA","NA","NA",NA
"QPB",9557,1992-04-21,1200,NA,21,6.35,95.8,NA,39,0.58,7.01,0.58,3.78,4.57,NA,NA,NA,NA,NA,NA,21.93,NA,"NA","NA","NA","NA","NA","NA","NA","NA","NA","NA","NA","NA","NA","NA",NA
"QPB",9801,1992-04-28,850,NA,22,6.68,103.4,NA,146,0.65,7.38,0.47,4.54,5.78,NA,NA,NA,NA,NA,NA,25.05,NA,"NA","NA","NA","NA","NA","NA","NA","NA","NA","NA","NA","NA","NA","NA",NA
"QPB",9916,1992-05-05,953,NA,21,6.3,64.8,NA,125,0.73,7.05,0.58,3.03,3.83,NA,NA,NA,NA,NA,NA,18.46,NA,"NA","NA","NA","NA","NA","NA","NA","NA","NA","NA","NA","NA","NA","NA",NA
"QPB",10455,1992-05-12,956,NA,21,6.42,81.2,8.94,116,1.35,7.21,0.4,3.46,4.4,NA,NA,NA,NA,NA,NA,15.62,NA,"NA","NA","NA","NA","NA","NA","NA","NA","NA","NA","NA","NA","NA","NA",NA
"QPB",10710,1992-05-19,956,NA,22,7.399,79,9.41,115,0.56,7.32,0.45,3.98,4.95,NA,NA,NA,NA,NA,NA,22.89,NA,"NA","NA","NA","NA","NA","NA","NA","NA","NA","NA","NA","NA","NA","NA",NA
"QPB",10768,1992-05-26,928,NA,22,7.3,69,8.02,NA,0.54,6.89,0.57,3.2,4.26,NA,NA,NA,NA,NA,NA,15.45,NA,"NA","NA","NA","NA","NA","NA","NA","NA","NA","NA","NA","NA","NA","NA",NA
"QPB",10781,1992-06-02,942,NA,22,6.14,89,8.49,10,0.89,6.66,0.2,3.63,4.85,NA,NA,NA,NA,NA,NA,18.17,NA,"NA","NA","NA","NA","NA","NA","NA","NA","NA","NA","NA","NA","NA","NA",NA
"QPB",10893,1992-06-09,840,NA,22,6.19,83.4,8.49,29,1.58,6.71,0.5,3.81,4.94,NA,NA,NA,NA,NA,NA,22.83,NA,"NA","NA","NA","NA","NA","NA","NA","NA","NA","NA","NA","NA","NA","NA",NA
"QPB",10906,1992-06-16,910,NA,22,6.34,52.9,7.77,27,0.84,5.71,0.56,2.27,3.18,NA,NA,NA,NA,NA,NA,11,NA,"NA","NA","NA","NA","NA","NA","NA","NA","NA","NA","NA","NA","NA","NA",NA
"QPB",11127,1992-06-23,909,NA,22,6.64,76.7,NA,32,0.71,6.07,0.4,3.2,4.04,NA,NA,NA,NA,NA,NA,22.31,NA,"NA","NA","NA","NA","NA","NA","NA","NA","NA","NA","NA","NA","NA","NA",NA
"QPB",11289,1992-06-30,905,NA,25,6.99,101.6,9.19,117,0.53,7.1,0.7,4.36,5.93,NA,89,NA,NA,NA,NA,20.71,NA,"NA","NA","NA","NA","NA","NA","NA","NA","NA","NA","NA","NA","NA","NA",NA
"QPB",11302,1992-07-07,905,NA,23,6.15,99.9,NA,74,0.97,4.83,0.46,2.65,3.57,NA,NA,NA,NA,NA,NA,26.08,NA,"NA","NA","NA","NA","NA","NA","NA","NA","NA","NA","NA","NA","NA","NA",NA
"QPB",11315,1992-07-14,920,NA,23,6.83,83.1,7.95,51,0.57,6.49,0.39,3.64,4.89,NA,NA,NA,NA,NA,NA,22.79,NA,"NA","NA","NA","NA","NA","NA","NA","NA","NA","NA","NA","NA","NA","NA",NA
"QPB",11328,1992-07-21,940,NA,22,6.9,86.3,8.12,85,0.51,6.53,0.54,3.88,5.18,NA,NA,NA,NA,NA,NA,22.89,NA,"NA","NA","NA","NA","NA","NA","NA","NA","NA","NA","NA","NA","NA","NA",NA
"QPB",11389,1992-07-28,915,NA,23,7.43,80.5,7.97,122,0.53,6.46,0.46,3.5,4.62,NA,NA,NA,NA,NA,NA,21.35,NA,"NA","NA","NA","NA","NA","NA","NA","NA","NA","NA","NA","NA","NA","NA",NA
"QPB",11402,1992-08-04,930,NA,23,7.3,86.1,8.4,38,0.5,6.87,0.46,3.8,5.37,NA,NA,NA,NA,NA,NA,21.22,NA,"NA","NA","NA","NA","NA","NA","NA","NA","NA","NA","NA","NA","NA","NA",NA
"QPB",11415,1992-08-11,935,NA,23,7.12,51.9,6.02,79,0.61,5.01,0.44,2.13,2.85,NA,NA,NA,NA,NA,NA,12.81,NA,"NA","NA","NA","NA","NA","NA","NA","NA","NA","NA","NA","NA","NA","NA",NA
"QPB",11428,1992-08-18,937,NA,24,7.47,90.2,13.57,118,0.8,10.46,0.62,5.85,7.61,NA,NA,NA,NA,NA,NA,17.37,NA,"NA","NA","NA","NA","NA","NA","NA","NA","NA","NA","NA","NA","NA","NA",NA
"QPB",11441,1992-08-25,1035,NA,23,7.15,89.8,9.02,13,0.53,6.95,0.3,4.03,5.32,NA,NA,NA,NA,NA,NA,20.16,NA,"NA","NA","NA","NA","NA","NA","NA","NA","NA","NA","NA","NA","NA","NA",NA
"QPB",11454,1992-09-01,NA,NA,24,7.22,94.6,9.11,10,0.52,7.39,0.35,4.11,5.57,NA,NA,NA,NA,NA,NA,19.84,NA,"NA","NA","NA","NA","NA","NA","NA","NA","NA","NA","NA","NA","NA","NA",NA
"QPB",11467,1992-09-08,NA,NA,22,6.31,102.4,8.28,185,0.49,6.73,0.56,4.12,5.25,NA,4,NA,NA,NA,NA,21.52,NA,"NA","NA","NA","NA","NA","NA","NA","NA","NA","NA","NA","NA","NA","NA",NA
"QPB",11480,1992-09-15,NA,NA,22,6.17,127.4,8.4,10,0.53,6.87,0.51,4.18,5.43,NA,NA,NA,NA,NA,NA,23.77,NA,"NA","NA","NA","NA","NA","NA","NA","NA","BDL","NA","NA","NA","NA","NA",NA
"QPB",11493,1992-09-22,NA,NA,22,6.97,80.6,5.51,16,0.4,4.43,0.31,2.35,3.89,NA,5,NA,NA,NA,NA,18.8,NA,"NA","NA","NA","NA","NA","NA","NA","NA","NA","NA","NA","NA","NA","NA",NA
"QPB",11506,1992-09-29,NA,NA,23,6.48,105.5,8.66,12,0.43,6.65,0.41,4.15,5.5,NA,NA,NA,NA,NA,NA,23.84,NA,"NA","NA","NA","NA","NA","NA","NA","NA","BDL","NA","NA","NA","NA","NA",NA
"QPB",11519,1992-10-06,1008,NA,23,6.93,101.4,11.86,28,0.54,7.46,0.51,4.68,6.12,NA,NA,NA,NA,NA,NA,26.64,NA,"NA","NA","NA","NA","NA","NA","NA","NA","BDL","NA","NA","NA","NA","NA",NA
"QPB",11532,1992-10-13,925,NA,22,7.32,107.5,8.52,71,0.42,6.99,0.39,4.6,6.06,NA,NA,NA,NA,NA,NA,26.8,NA,"NA","NA","NA","NA","NA","NA","NA","NA","BDL","NA","NA","NA","NA","NA",NA
"QPB",11545,1992-10-20,927,NA,21,7.14,98.2,9.9,21,0.65,6.8,0.41,4.32,5.87,NA,NA,NA,NA,NA,NA,27.02,NA,"NA","NA","NA","NA","NA","NA","NA","NA","BDL","NA","NA","NA","NA","NA",NA
"QPB",11558,1992-10-27,1037,NA,22,6.67,119.1,8.18,24,0.44,6.36,0.64,4.41,6.63,NA,NA,NA,NA,NA,NA,26.34,NA,"NA","NA","NA","NA","NA","NA","NA","NA","BDL","NA","NA","NA","NA","NA",NA
"QPB",11571,1992-11-03,906,NA,22,6.88,53.6,7,78,0.62,5.64,0.52,2.55,3.12,NA,NA,NA,NA,NA,NA,14.78,NA,"NA","NA","NA","NA","NA","NA","NA","NA","BDL","NA","NA","NA","NA","NA",NA
"QPB",11584,1992-11-10,950,NA,22,7.11,75.2,7.38,46,0.58,5.44,0.42,2.8,3.54,NA,NA,NA,NA,NA,NA,18.36,NA,"NA","NA","NA","NA","NA","NA","NA","NA","NA","NA","NA","NA","NA","NA",NA
"QPB",11597,1992-11-17,926,NA,21,6.79,85.3,10.6,NA,1.4,5.39,0.41,2.74,3.91,NA,22,NA,NA,NA,NA,15.36,NA,"NA","BDL","NA","NA","NA","NA","NA","NA","NA","NA","NA","NA","NA","NA",NA
"QPB",11610,1992-11-24,945,NA,22,7.11,71.3,8.31,31,0.56,6.28,0.34,2.66,3.31,NA,NA,NA,NA,NA,NA,12.95,NA,"NA","NA","NA","NA","NA","NA","NA","NA","BDL","NA","NA","NA","NA","NA",NA
"QPB",11623,1992-12-01,1016,NA,21,7.16,73.2,8.28,7,0.55,6.06,0.53,3,3.35,NA,NA,NA,NA,NA,NA,18.49,NA,"NA","NA","NA","NA","NA","NA","NA","NA","BDL","NA","NA","NA","NA","NA",NA
"QPB",11636,1992-12-08,920,NA,21,6.94,67.8,8.23,35,0.5,5.93,0.36,2.77,3.08,NA,NA,NA,NA,NA,NA,17.9,NA,"NA","NA","NA","NA","NA","NA","NA","NA","BDL","NA","NA","NA","NA","NA",NA
"QPB",11649,1992-12-15,913,NA,21,7.15,69.4,3.92,6,0.27,4,0.58,4.28,1.32,NA,NA,NA,NA,NA,NA,NA,NA,"NA","NA","NA","NA","NA","NA","NA","NA","BDL","NA","NA","NA","NA","NA",NA
"QPB",11662,1992-12-22,903,NA,20,6.93,48.9,6.09,NA,0.75,4.58,0.5,1.72,2.25,NA,19,NA,NA,NA,NA,8.57,NA,"NA","NA","NA","NA","NA","NA","NA","NA","NA","NA","NA","NA","NA","NA",NA
"QPB",11679,1992-12-29,1100,NA,20.5,7.05,57.6,8.72,NA,0.61,5.35,0.41,2.23,2.56,NA,4,NA,NA,NA,NA,12.67,NA,"NA","NA","NA","NA","NA","NA","NA","NA","NA","NA","NA","NA","NA","NA",NA
"QPB",11692,1993-01-05,1150,NA,21,7.02,66.6,NA,NA,NA,6.45,0.54,2.71,2.73,NA,NA,NA,NA,NA,NA,18.24,NA,"NA","NA","NA","NA","NA","NA","NA","NA","BDL","NA","NA","NA","NA","NA",NA
"QPB",11705,1993-01-12,1015,NA,20,7.01,83.5,NA,NA,NA,6.31,0.4,3.23,3.88,NA,11,NA,NA,NA,NA,23.55,NA,"NA","NA","NA","NA","NA","NA","NA","NA","NA","NA","NA","NA","NA","NA",NA
"QPB",11718,1993-01-19,956,NA,20,7.37,85.1,NA,NA,NA,6.59,0.4,3.52,3.8,NA,NA,NA,NA,NA,NA,25.4,NA,"NA","NA","NA","NA","NA","NA","NA","NA","NA","NA","NA","NA","NA","NA",NA
"QPB",11731,1993-01-26,1018,NA,20,7.14,81.7,NA,NA,NA,6.21,0.44,3.07,3,NA,NA,NA,NA,NA,NA,20.21,NA,"NA","NA","NA","NA","NA","NA","NA","NA","NA","NA","NA","NA","NA","NA",NA
"QPB",11744,1993-02-02,907,NA,20,7.06,95.7,NA,NA,NA,6.64,0.41,3.88,4.5,NA,NA,NA,NA,NA,NA,26.2,NA,"NA","NA","NA","NA","NA","NA","NA","NA","NA","NA","NA","NA","NA","NA",NA
"QPB",11757,1993-02-09,937,NA,20,6.95,NA,NA,NA,NA,6.68,0.58,3.44,3,NA,NA,NA,NA,NA,NA,23.16,NA,"NA","NA","NA","NA","NA","NA","NA","NA","NA","NA","NA","NA","NA","NA",NA
"QPB",11770,1993-02-16,1005,NA,20,7.674,67.9,4,NA,0.25,2.99,0.22,1.34,2.15,NA,8,NA,NA,NA,NA,16.52,NA,"NA","NA","NA","NA","NA","NA","NA","NA","NA","NA","NA","NA","NA","NA",NA
"QPB",11783,1993-02-23,926,NA,20,7.2,88.5,NA,NA,NA,7,0.59,3.77,4.8,NA,NA,NA,NA,NA,NA,24.87,NA,"NA","NA","NA","NA","NA","NA","NA","NA","NA","NA","NA","NA","NA","NA",NA
"QPB",11796,1993-03-02,931,NA,20,7.26,72.6,4.36,61,0.24,8.57,0.52,3.99,4.69,NA,NA,NA,NA,NA,NA,20.84,NA,"NA","NA","NA","NA","NA","NA","NA","NA","NA","NA","NA","NA","NA","NA",NA
"QPB",11809,1993-03-09,905,NA,20,7.28,99.8,4.34,70,0.25,6.93,0.37,3.4,3.25,NA,NA,NA,NA,NA,NA,21.66,NA,"NA","NA","NA","NA","NA","NA","NA","NA","NA","NA","NA","NA","NA","NA",NA
"QPB",11822,1993-03-16,933,NA,20,7.36,99.4,4.64,8,0.28,7.17,0.37,4.06,5.02,NA,NA,NA,NA,NA,NA,27.65,NA,"NA","NA","NA","NA","NA","NA","NA","NA","NA","NA","NA","NA","NA","NA",NA
"QPB",11908,1993-03-23,922,NA,19,7.48,87.9,NA,98,NA,6.59,0.49,3.56,4.34,NA,NA,NA,NA,NA,NA,22.98,NA,"NA","NA","NA","NA","NA","NA","NA","NA","NA","NA","NA","NA","NA","NA",NA
"QPB",11921,1993-03-30,900,NA,20,7.23,102.8,NA,101,0.16,7.15,0.44,4.22,5.1,NA,NA,NA,NA,NA,NA,29.33,NA,"NA","NA","NA","NA","NA","NA","NA","NA","NA","NA","NA","NA","NA","NA",NA
"QPB",11934,1993-04-06,917,NA,20,7.48,105.5,4.35,146,0.27,9.34,0.98,5.61,7.63,NA,NA,NA,NA,NA,NA,30.88,NA,"NA","NA","NA","NA","NA","NA","NA","NA","NA","NA","NA","NA","NA","NA",NA
"QPB",11947,1993-04-13,904,NA,20,7.42,104.4,10.89,57,0.73,9.79,0.56,5.37,6.9,NA,NA,NA,NA,NA,NA,20.71,NA,"NA","NA","NA","NA","NA","NA","NA","NA","BDL","NA","NA","NA","NA","NA",NA
"QPB",11960,1993-04-20,948,NA,20,7.45,94.7,11.93,95,0.92,10.62,0.75,5.91,8.11,NA,NA,NA,NA,NA,NA,24.82,NA,"NA","NA","NA","NA","NA","NA","NA","NA","NA","NA","NA","NA","NA","NA",NA
"QPB",11973,1993-04-27,931,NA,20,7.36,101.8,7.23,131,0.44,7.18,0.53,4.38,5.38,NA,6,NA,NA,NA,NA,28.79,NA,"NA","NA","NA","NA","NA","NA","NA","NA","NA","NA","NA","NA","NA","NA",NA
"QPB",12016,1993-05-04,925,NA,20,6.94,55.4,7.9,12,0.59,5.15,0.39,2.08,2.51,NA,NA,NA,NA,NA,NA,13.41,NA,"NA","NA","NA","NA","NA","NA","NA","NA","BDL","NA","NA","NA","NA","NA",NA
"QPB",12029,1993-05-11,910,NA,20,7.2,56.1,5.16,58,0.34,5.46,0.7,2.23,2.52,NA,NA,NA,NA,NA,NA,13.53,NA,"NA","NA","NA","NA","NA","NA","NA","NA","NA","NA","NA","NA","NA","NA",NA
"QPB",12042,1993-05-18,1016,NA,21,7.46,87.4,8.64,47,0.55,6.77,0.39,3.5,5.3,NA,NA,NA,NA,NA,NA,19.25,NA,"NA","NA","NA","NA","NA","NA","NA","NA","BDL","NA","NA","NA","NA","NA",NA
"QPB",12055,1993-05-25,920,NA,20,7.03,46.3,7.96,28,0.74,4.65,0.29,1.83,2.46,NA,NA,NA,NA,NA,NA,7.13,NA,"NA","NA","NA","NA","NA","NA","NA","NA","NA","NA","NA","NA","NA","NA",NA
"QPB",12068,1993-06-01,955,NA,21,7.1,82.9,8.58,NA,0.55,6.65,0.44,3.73,4.99,NA,NA,NA,NA,NA,NA,22.6,NA,"NA","BDL","NA","NA","NA","NA","NA","NA","NA","NA","NA","NA","NA","NA",NA
"QPB",12209,1993-06-08,1010,NA,22,7.18,78.8,8.62,63,0.51,6.42,0.3,3.26,3.76,NA,NA,NA,NA,NA,NA,20.46,NA,"NA","NA","NA","NA","NA","NA","NA","NA","NA","NA","NA","NA","NA","NA",NA
"QPB",12222,1993-06-15,1010,NA,21.8,6.98,81,10.84,72,0.74,8.54,0.68,4.45,5.2,NA,NA,NA,NA,NA,NA,19.34,NA,"NA","NA","NA","NA","NA","NA","NA","NA","NA","NA","NA","NA","NA","NA",NA
"QPB",12235,1993-06-22,1053,NA,21.1,7.01,50.3,6.91,33,0.58,4.43,0.48,1.67,2.11,NA,NA,NA,NA,NA,NA,9.26,NA,"NA","NA","NA","NA","NA","NA","NA","NA","NA","NA","NA","NA","NA","NA",NA
"QPB",12248,1993-06-29,NA,NA,22,7.1,75,8.97,64,0.49,6.12,0.32,3.19,4.07,NA,NA,NA,NA,NA,NA,19.76,NA,"NA","NA","NA","NA","NA","NA","NA","NA","BDL","NA","NA","NA","NA","NA",NA
"QPB",12261,1993-07-06,951,NA,21,7.02,68.6,11.13,55,0.69,8.05,0.51,3.9,4.75,NA,NA,NA,NA,NA,NA,17.88,NA,"NA","NA","NA","NA","NA","NA","NA","NA","BDL","NA","NA","NA","NA","NA",NA
"QPB",12274,1993-07-13,910,NA,21,6.96,66.4,8.03,NA,0.51,5.51,0.27,2.63,3.06,NA,NA,NA,NA,NA,NA,18.44,NA,"NA","NA","NA","NA","NA","NA","NA","NA","NA","NA","NA","NA","NA","NA",NA
"QPB",12287,1993-07-20,1003,NA,21,7.21,75.2,NA,NA,NA,7.35,0.52,3.5,4.14,NA,NA,NA,NA,NA,NA,21.02,NA,"NA","NA","NA","NA","NA","NA","NA","NA","NA","NA","NA","NA","NA","NA",NA
"QPB",12300,1993-07-27,1023,NA,21,6.88,63.1,NA,NA,NA,NA,NA,NA,NA,NA,NA,NA,NA,NA,NA,NA,NA,"NA","NA","NA","NA","NA","NA","NA","NA","NA","NA","NA","NA","NA","NA",NA
"QPB",12313,1993-08-03,946,NA,22,7.33,78.5,8.4,86,0.45,6.29,0.35,3.22,3.87,NA,6,NA,NA,NA,NA,20.58,NA,"NA","NA","NA","NA","NA","NA","NA","NA","NA","NA","NA","NA","NA","NA",NA
"QPB",12326,1993-08-10,930,NA,22,7.31,81.8,8.59,55,0.46,6.39,0.28,3.45,4.12,NA,NA,NA,NA,NA,NA,20.72,NA,"NA","NA","NA","NA","NA","NA","NA","NA","BDL","NA","NA","NA","NA","NA",NA
"QPB",12339,1993-08-17,920,NA,22,7.29,67.8,9.49,68,0.75,8.1,0.35,3.62,4.05,NA,6,NA,NA,NA,NA,18.25,NA,"NA","NA","NA","NA","NA","NA","NA","NA","NA","NA","NA","NA","NA","NA",NA
"QPB",12352,1993-08-24,956,NA,22,7.19,74.8,8.16,NA,0.52,6.04,0.36,3.14,3.95,NA,NA,NA,NA,NA,NA,16.61,NA,"NA","NA","NA","NA","NA","NA","NA","NA","BDL","NA","NA","NA","NA","NA",NA
"QPB",12365,1993-08-31,905,NA,21,7.29,74.1,7.24,72,0.59,5.76,0.28,3.02,3.67,NA,NA,NA,NA,NA,NA,15.12,NA,"NA","NA","NA","NA","NA","NA","NA","NA","BDL","NA","NA","NA","NA","NA",NA
"QPB",12378,1993-09-07,935,NA,21,7.21,58.7,6.15,59,0.49,4.65,0.32,2.23,2.68,NA,NA,NA,NA,NA,NA,NA,NA,"NA","NA","NA","NA","NA","NA","NA","NA","BDL","NA","NA","NA","NA","NA",NA
"QPB",12391,1993-09-14,935,NA,21.5,6.99,69.4,7.52,79,0.51,5.8,0.39,3.01,3.61,NA,NA,NA,NA,NA,NA,18.63,NA,"NA","NA","NA","NA","NA","NA","NA","NA","NA","NA","NA","NA","NA","NA",NA
"QPB",12404,1993-09-21,1000,NA,21,7.13,68,8.31,43,0.51,5.65,0.37,2.75,3.34,NA,NA,NA,NA,NA,NA,17.96,NA,"NA","NA","NA","NA","NA","NA","NA","NA","BDL","NA","NA","NA","NA","NA",NA
"QPB",12417,1993-09-28,926,NA,21,6.93,64.9,7.04,15,0.72,5.94,0.26,2.44,3.46,NA,15,NA,NA,NA,NA,NA,NA,"NA","NA","NA","NA","NA","NA","NA","NA","NA","NA","NA","NA","NA","NA",NA
"QPB",12430,1993-10-05,810,NA,21,7.02,77.4,7.98,72,0.47,6.11,0.24,3.2,4.12,NA,9,NA,NA,NA,NA,NA,NA,"NA","NA","NA","NA","NA","NA","NA","NA","NA","NA","NA","NA","NA","NA",NA
"QPB",12443,1993-10-13,830,NA,22,7.2,77.9,7.84,49,0.53,6.17,0.38,3.18,3.7,NA,NA,NA,NA,NA,NA,19.14,NA,"NA","NA","NA","NA","NA","NA","NA","NA","BDL","NA","NA","NA","NA","NA",NA
"QPB",12456,1993-10-19,846,NA,21,7.1,76.8,7.57,78,0.52,5.94,0.36,3.23,4.03,NA,NA,NA,NA,NA,NA,NA,NA,"NA","NA","NA","NA","NA","NA","NA","NA","BDL","NA","NA","NA","NA","NA",NA
"QPB",12469,1993-10-26,915,NA,22,6.55,74.3,8.15,66,0.57,5.83,0.16,2.74,4.05,NA,NA,NA,NA,NA,NA,19.16,NA,"NA","NA","NA","NA","NA","NA","NA","NA","BDL","NA","NA","NA","NA","NA",NA
"QPB",12482,1993-11-02,800,NA,21,6.87,79.7,4.85,74,0.39,6.53,0.57,3.19,3.31,NA,NA,NA,NA,NA,NA,20.3,NA,"NA","NA","NA","NA","NA","NA","NA","NA","BDL","NA","NA","NA","NA","NA",NA
"QPB",12629,1993-11-09,836,NA,21,6.86,67.5,11.14,NA,0.93,9.68,0.55,4.25,4.07,NA,5,NA,NA,NA,NA,17.36,NA,"NA","NA","NA","NA","NA","NA","NA","NA","NA","NA","NA","NA","NA","NA",NA
"QPB",13070,1993-11-16,905,NA,21,6.81,50.2,11.37,39,0.94,7.4,0.44,2.61,3.29,NA,11,NA,NA,NA,NA,7.63,NA,"NA","NA","NA","NA","NA","NA","NA","NA","NA","NA","NA","NA","NA","NA",NA
"QPB",13297,1993-11-23,910,NA,21,7.01,66.5,7.93,77,0.49,5.49,0.33,2.62,3.09,NA,NA,NA,NA,NA,NA,NA,NA,"NA","NA","NA","NA","NA","NA","NA","NA","BDL","NA","NA","NA","NA","NA",NA
"QPB",13353,1993-11-30,830,NA,21,6.91,68.3,8.61,67,0.59,6.48,0.49,3.09,3.15,NA,NA,NA,NA,NA,NA,18.38,NA,"NA","NA","NA","NA","NA","NA","NA","NA","BDL","NA","NA","NA","NA","NA",NA
"QPB",13491,1993-12-07,740,NA,20,6.51,86.8,8.22,63,0.47,6.02,0.26,3.31,3.9,NA,NA,NA,NA,NA,NA,19.69,NA,"NA","NA","NA","NA","NA","NA","NA","NA","BDL","NA","NA","NA","NA","NA",NA
"QPB",13654,1993-12-14,905,NA,NA,6.87,78.2,8.72,114,0.51,6.72,0.37,3.29,4.04,NA,NA,NA,NA,NA,NA,21.13,NA,"NA","NA","NA","NA","NA","NA","NA","NA","BDL","NA","NA","NA","NA","NA",NA
"QPB",13667,1993-12-21,849,NA,20,6.89,60.1,6.82,12,0.64,5.5,0.45,2.52,2.85,NA,13,NA,NA,NA,NA,12.07,NA,"NA","NA","NA","NA","NA","NA","NA","NA","NA","NA","NA","NA","NA","NA",NA
"QPB",13712,1993-12-28,820,NA,20,6.76,59.1,8.65,NA,0.65,6.14,0.46,2.69,3.43,NA,7,NA,NA,NA,NA,12.95,NA,"NA","NA","NA","NA","NA","NA","NA","NA","NA","NA","NA","NA","NA","NA",NA
"QPB",13738,1994-01-04,1145,NA,20,7.02,66.8,NA,NA,NA,5.12,0.26,1.3,2.79,NA,4,NA,NA,NA,NA,16.41,NA,"NA","NA","NA","NA","NA","NA","NA","NA","NA","NA","NA","NA","NA","NA",NA
"QPB",13725,1994-01-11,856,NA,20,7.01,62,NA,NA,NA,5.03,0.31,1.26,2.77,NA,6,NA,NA,NA,NA,15.72,NA,"NA","NA","NA","NA","NA","NA","NA","NA","NA","NA","NA","NA","NA","NA",NA
"QPB",13751,1994-01-18,1001,NA,19,7.1,69.6,NA,NA,NA,5.77,0.36,2.69,2.77,NA,5,NA,NA,NA,NA,18.21,NA,"NA","NA","NA","NA","NA","NA","NA","NA","NA","NA","NA","NA","NA","NA",NA
"QPB",13764,1994-01-25,900,NA,20,7.2,88.3,NA,139,0.14,6.58,0.33,3.77,4.76,NA,8,NA,NA,NA,NA,24.76,NA,"NA","NA","NA","NA","NA","NA","NA","NA","NA","NA","NA","NA","NA","NA",NA
"QPB",13777,1994-02-01,928,NA,19.5,7.08,75.4,3.41,NA,0.26,5.8,0.49,2.82,3.03,NA,NA,NA,NA,NA,NA,14.65,NA,"NA","BDL","NA","NA","NA","NA","NA","NA","BDL","NA","NA","NA","NA","NA",NA
"QPB",13790,1994-02-08,930,NA,19,7.06,74.1,4.48,48,0.39,6.18,0.37,3.16,3.32,NA,19,NA,NA,NA,NA,20.49,NA,"NA","NA","NA","NA","NA","NA","NA","NA","NA","NA","NA","NA","NA","NA",NA
"QPB",13909,1994-02-15,930,NA,19,7.15,78.6,4.98,75,0.38,NA,NA,NA,NA,NA,NA,NA,NA,NA,NA,NA,NA,"NA","NA","NA","NA","NA","NA","NA","NA","NA","NA","NA","NA","NA","NA",NA
"QPB",13922,1994-02-22,854,NA,19,7.03,83.4,5.44,NA,0.55,3.05,0.89,0.47,0.55,NA,NA,NA,NA,NA,NA,16.14,NA,"NA","BDL","NA","NA","NA","NA","NA","NA","BDL","NA","NA","NA","NA","NA",NA
"QPB",13935,1994-03-01,815,NA,19,7.05,77.5,8.29,29,0.46,5.96,0.43,2.99,3.65,NA,NA,NA,NA,NA,NA,17.14,NA,"NA","NA","NA","NA","NA","NA","NA","NA","BDL","NA","NA","NA","NA","NA",NA
"QPB",13948,1994-03-08,815,NA,19,7.16,76.9,NA,73,NA,6.09,0.31,2.44,3.24,NA,NA,NA,NA,NA,NA,NA,NA,"NA","NA","NA","NA","NA","NA","NA","NA","BDL","NA","NA","NA","NA","NA",NA
"QPB",13961,1994-03-15,846,NA,19.5,7.15,76.6,8.34,88,0.51,6.02,0.43,3.32,4.07,NA,NA,NA,NA,NA,NA,16.02,NA,"NA","NA","NA","NA","NA","NA","NA","NA","BDL","NA","NA","NA","NA","NA",NA
"QPB",13974,1994-03-22,803,NA,20,6.99,81.4,8.31,86,0.53,6.77,0.37,3.41,4.4,NA,NA,NA,NA,NA,NA,20.94,NA,"NA","NA","NA","NA","NA","NA","NA","NA","BDL","NA","NA","NA","NA","NA",NA
"QPB",13987,1994-03-29,835,NA,20,6.81,94.5,8.88,78,0.6,6.95,0.51,3.99,4.29,NA,NA,NA,NA,NA,NA,21.07,NA,"NA","NA","NA","NA","NA","NA","NA","NA","BDL","NA","NA","NA","NA","NA",NA
"QPB",14000,1994-04-05,840,NA,20,7.34,84.9,8.48,82,0.51,6.79,0.4,3.69,4.27,NA,NA,NA,NA,NA,NA,18.9,NA,"NA","NA","NA","NA","NA","NA","NA","NA","BDL","NA","NA","NA","NA","NA",NA
"QPB",14013,1994-04-12,910,NA,20,6.63,64.3,9.23,58,0.75,4.99,0.33,2.05,2.66,NA,6,NA,NA,NA,NA,10.13,NA,"NA","NA","NA","NA","NA","NA","NA","NA","NA","NA","NA","NA","NA","NA",NA
"QPB",14026,1994-04-19,810,NA,20,7.12,65.6,7.85,56,0.51,5.58,0.46,2.67,3.3,NA,6,NA,NA,NA,NA,14.83,NA,"NA","NA","NA","NA","NA","NA","NA","NA","NA","NA","NA","NA","NA","NA",NA
"QPB",14039,1994-04-26,920,NA,20,7.4,76.2,8.31,NA,0.51,6.15,0.29,3.36,3.56,NA,4,NA,NA,NA,NA,17.75,NA,"NA","BDL","NA","NA","NA","NA","NA","NA","NA","NA","NA","NA","NA","NA",NA
"QPB",14052,1994-05-03,740,NA,21,7.39,87,8.86,20,0.47,7.1,0.42,3.79,3.87,NA,NA,NA,NA,NA,NA,18.96,NA,"NA","NA","NA","NA","NA","NA","NA","NA","BDL","NA","NA","NA","NA","NA",NA
"QPB",14065,1994-05-10,839,NA,20,7.1,65.4,9.13,18,1.57,5.29,0.31,2.42,3.06,NA,NA,NA,NA,NA,NA,12.89,NA,"NA","NA","NA","NA","NA","NA","NA","NA","BDL","NA","NA","NA","NA","NA",NA
"QPB",14110,1994-05-17,829,NA,21,7.22,64.1,8.4,23,0.63,5.4,0.33,2.63,3.08,NA,5,NA,NA,NA,NA,15.78,NA,"NA","NA","NA","NA","NA","NA","NA","NA","NA","NA","NA","NA","NA","NA",NA
"QPB",14123,1994-05-24,845,NA,21.5,7.25,81,8.4,63,0.48,6.59,0.36,3.5,3.94,NA,NA,NA,NA,NA,NA,18.42,NA,"NA","NA","NA","NA","NA","NA","NA","NA","NA","NA","NA","NA","NA","NA",NA
"QPB",14280,1994-05-31,835,NA,21,7.29,90.3,9.08,21,0.84,8,0.33,4.37,4.98,NA,NA,NA,NA,NA,NA,21.19,NA,"NA","NA","NA","NA","NA","NA","NA","NA","NA","NA","NA","NA","NA","NA",NA
"QPB",14690,1994-06-07,820,NA,21,6.96,68.5,5.55,10,1,6.02,0.34,2.97,3.44,NA,NA,NA,NA,NA,NA,16.61,NA,"NA","NA","NA","NA","NA","NA","NA","NA","NA","NA","NA","NA","NA","NA",NA
"QPB",14878,1994-06-14,840,NA,21,7.25,80.5,8.12,59,0.8,9.11,0.51,4.62,5.32,NA,NA,NA,NA,NA,NA,20.37,NA,"NA","NA","NA","NA","NA","NA","NA","NA","NA","NA","NA","NA","NA","NA",NA
"QPB",15042,1994-06-21,830,NA,21,7.18,77.8,7.96,56,0.83,6.3,0.22,3.29,3.85,NA,NA,NA,NA,NA,NA,19.32,NA,"NA","NA","NA","NA","NA","NA","NA","NA","NA","NA","NA","NA","NA","NA",NA
"QPB",15055,1994-06-28,840,NA,21,6.94,76.7,6,42,0.5,6.01,0.27,2.97,3.54,NA,NA,NA,NA,NA,NA,NA,NA,"NA","NA","NA","NA","NA","NA","NA","NA","NA","NA","NA","NA","NA","NA",NA
"QPB",15098,1994-07-05,821,NA,21,6.93,79.1,8.69,35,0.49,6.07,0.48,3.18,3.73,NA,NA,NA,NA,NA,NA,19.56,NA,"NA","NA","NA","NA","NA","NA","NA","NA","NA","NA","NA","NA","NA","NA",NA
"QPB",15199,1994-07-12,749,NA,21.5,7.25,81.9,6.18,40,1.02,6.71,0.24,3.65,4.24,NA,NA,NA,NA,NA,NA,20.62,NA,"NA","NA","NA","NA","NA","NA","NA","NA","NA","NA","NA","NA","NA","NA",NA
"QPB",15212,1994-07-19,815,NA,21,7.22,66.8,4.89,33,0.39,6.01,0.36,2.76,3.45,NA,NA,NA,NA,NA,NA,16.61,NA,"NA","NA","NA","NA","NA","NA","NA","NA","NA","NA","NA","NA","NA","NA",NA
"QPB",15225,1994-07-26,800,NA,22,7.34,78.6,5.05,NA,0.95,6.59,0.35,3.46,3.54,NA,NA,NA,NA,NA,NA,20.66,NA,"NA","NA","NA","NA","NA","NA","NA","NA","NA","NA","NA","NA","NA","NA",NA
"QPB",15238,1994-08-02,810,NA,22,7.18,81,3.82,NA,0.25,7.88,0.74,4.16,4.75,NA,NA,NA,NA,NA,NA,19.77,NA,"NA","NA","NA","NA","NA","NA","NA","NA","NA","NA","NA","NA","NA","NA",NA
"QPB",15251,1994-08-09,810,NA,22,7.31,88.2,8.36,NA,0.51,6.4,0.43,3.47,4.05,NA,NA,NA,NA,NA,NA,22.3,NA,"NA","NA","NA","NA","NA","NA","NA","NA","NA","NA","NA","NA","NA","NA",NA
"QPB",15289,1994-08-16,900,NA,21,7.37,85.5,6.98,NA,0.52,5.98,0.25,3.29,4.02,NA,NA,NA,NA,NA,NA,20.5,NA,"NA","NA","NA","NA","NA","NA","NA","NA","NA","NA","NA","NA","NA","NA",NA
"QPB",15302,1994-08-23,851,NA,21.5,7.01,95.5,5.36,NA,0.39,6.48,0.38,3.35,4.04,NA,NA,NA,NA,NA,NA,20.5,NA,"NA","NA","NA","NA","NA","NA","NA","NA","NA","NA","NA","NA","NA","NA",NA
"QPB",15315,1994-08-30,845,NA,22,7.35,80.2,6.16,NA,0.44,6.16,0.27,3.19,3.78,NA,NA,NA,NA,NA,NA,18.04,NA,"NA","NA","NA","NA","NA","NA","NA","NA","NA","NA","NA","NA","NA","NA",NA
"QPB",15328,1994-09-06,901,NA,21,7.27,75.2,8.19,NA,0.56,6.39,0.41,3.24,3.98,NA,NA,NA,NA,NA,NA,13.87,NA,"NA","NA","NA","NA","NA","NA","NA","NA","NA","NA","NA","NA","NA","NA",NA
"QPB",15341,1994-09-13,840,NA,22,6.96,80.5,8.72,NA,0.53,6.18,0.39,3.27,3.84,NA,NA,NA,NA,NA,NA,17.27,NA,"NA","NA","NA","NA","NA","NA","NA","NA","NA","NA","NA","NA","NA","NA",NA
"QPB",15354,1994-09-20,825,NA,22,6.94,51,7.32,NA,0.72,5.24,0.64,1.82,1.29,NA,NA,NA,NA,NA,NA,8.46,NA,"NA","NA","NA","NA","NA","NA","NA","NA","NA","NA","NA","NA","NA","NA",NA
"QPB",15367,1994-09-27,940,NA,21.5,7.11,73.7,8.38,NA,0.53,6.3,0.3,3.22,3.42,NA,NA,NA,NA,NA,NA,16.94,NA,"NA","NA","NA","NA","NA","NA","NA","NA","NA","NA","NA","NA","NA","NA",NA
"QPB",15380,1994-10-04,1015,NA,22,7.09,80,8.31,NA,0.49,6.49,0.37,3.35,3.98,NA,41,NA,NA,NA,NA,18.54,NA,"NA","NA","NA","NA","NA","NA","NA","NA","NA","NA","NA","NA","NA","NA",NA
"QPB",15393,1994-10-11,1103,NA,21.5,7.19,93,7.66,NA,0.41,6.88,0.44,3.88,5.07,NA,NA,NA,NA,NA,NA,21.04,NA,"NA","NA","NA","NA","NA","NA","NA","NA","NA","NA","NA","NA","NA","NA",NA
"QPB",15406,1994-10-18,1057,NA,21.5,7.38,94.5,8.66,NA,0.6,6.93,0.55,4.07,5.34,NA,NA,NA,NA,NA,NA,21.11,NA,"NA","NA","NA","NA","NA","NA","NA","NA","NA","NA","NA","NA","NA","NA",NA
"QPB",15419,1994-10-25,NA,NA,NA,NA,NA,NA,NA,NA,NA,NA,NA,NA,NA,NA,NA,NA,NA,NA,NA,NA,"NA","NA","NA","NA","NA","NA","NA","NA","NA","NA","NA","NA","NA","NA",NA
"QPB",15432,1994-11-01,1020,NA,21.5,7.24,84.2,7.32,107,0.81,4.99,0.34,1.13,1.61,NA,NA,NA,NA,NA,NA,20.08,NA,"NA","NA","NA","NA","NA","NA","NA","NA","NA","NA","NA","NA","NA","NA",NA
"QPB",15445,1994-11-08,930,NA,21,7.08,53.9,6.24,NA,0.47,4.82,0.39,1.95,2.45,NA,NA,NA,NA,NA,NA,10.71,NA,"NA","NA","NA","NA","NA","NA","NA","NA","NA","NA","NA","NA","NA","NA",NA
"QPB",15458,1994-11-15,1025,NA,21,7.11,74.2,7.65,NA,0.43,6,0.41,2.92,3.31,NA,NA,NA,NA,NA,NA,17.92,NA,"NA","NA","NA","NA","NA","NA","NA","NA","NA","NA","NA","NA","NA","NA",NA
"QPB",15471,1994-11-22,NA,NA,NA,NA,NA,6.93,NA,0.65,5.27,0.36,2.48,2.99,NA,NA,NA,NA,NA,NA,14.38,NA,"NA","NA","NA","NA","NA","NA","NA","NA","NA","NA","NA","NA","NA","NA",NA
"QPB",15484,1994-11-29,1020,NA,21,7.2,63.9,3.04,NA,1.04,NA,NA,NA,NA,NA,NA,NA,NA,NA,NA,NA,NA,"NA","NA","NA","NA","NA","NA","NA","NA","NA","NA","NA","NA","NA","NA",NA
"QPB",15497,1994-12-06,1040,NA,21,6.99,58.6,8.41,NA,0.56,5.34,0.29,2.28,2.34,NA,NA,NA,NA,NA,NA,13.32,NA,"NA","NA","NA","NA","NA","NA","NA","NA","NA","NA","NA","NA","NA","NA",NA
"QPB",15715,1994-12-13,1035,NA,21,6.7,69.6,1.69,NA,0.24,6.56,0.5,3.15,3.48,NA,NA,NA,NA,NA,NA,18.55,NA,"NA","NA","NA","NA","NA","NA","NA","NA","NA","NA","NA","NA","NA","NA",NA
"QPB",15728,1994-12-20,1134,NA,21,6.94,77.8,8.6,NA,0.46,6.47,0.29,3.29,3.58,NA,NA,NA,NA,NA,NA,18.35,NA,"NA","NA","NA","NA","NA","NA","NA","NA","NA","NA","NA","NA","NA","NA",NA
"QPB",15741,1994-12-27,1047,NA,20,6.89,79.3,8.56,NA,0.36,1.7,0.11,0.2,0.17,NA,NA,NA,NA,NA,NA,19.19,NA,"NA","NA","NA","NA","NA","NA","NA","NA","NA","NA","NA","NA","NA","NA",NA
"QPB",15754,1995-01-03,1050,NA,20,7.11,71.1,8.81,NA,0.5,6.34,0.28,3.53,3.52,NA,NA,NA,NA,NA,NA,18.43,NA,"NA","NA","NA","NA","NA","NA","NA","NA","NA","NA","NA","NA","NA","NA",NA
"QPB",15767,1995-01-10,830,NA,19,6.87,81.3,8.31,NA,0.54,6.69,0.52,3.68,4.05,NA,NA,NA,NA,NA,NA,19.56,NA,"NA","NA","NA","NA","NA","NA","NA","NA","NA","NA","NA","NA","NA","NA",NA
"QPB",15780,1995-01-17,1014,NA,18.8,7.22,79.6,8.01,NA,0.46,6.49,0.45,3.42,3.68,NA,NA,NA,NA,NA,NA,18.27,NA,"NA","NA","NA","NA","NA","NA","NA","NA","BDL","NA","NA","NA","NA","NA",NA
"QPB",15793,1995-01-24,1000,NA,19.5,7.16,88.9,9.6,NA,0.54,6.72,0.34,3.96,5.14,NA,NA,NA,NA,NA,NA,20.84,NA,"NA","NA","NA","NA","NA","NA","NA","NA","NA","NA","NA","NA","NA","NA",NA
"QPB",15806,1995-01-31,1130,NA,20,7.22,82.3,8.39,NA,0.5,8.67,0.69,4.34,5.18,NA,NA,NA,NA,NA,NA,19.37,NA,"NA","NA","NA","NA","NA","NA","NA","NA","NA","NA","NA","NA","NA","NA",NA
"QPB",15819,1995-02-07,1030,NA,19,7.01,70.1,8.64,NA,0.5,6.48,0.32,3.4,4.26,NA,NA,NA,NA,NA,NA,19.01,NA,"NA","NA","NA","NA","NA","NA","NA","NA","NA","NA","NA","NA","NA","NA",NA
"QPB",15832,1995-02-14,945,NA,19.5,7.12,80.3,8.87,NA,0.57,6.41,0.28,3.51,3.93,NA,NA,NA,NA,NA,NA,19.41,NA,"NA","NA","NA","NA","NA","NA","NA","NA","NA","NA","NA","NA","NA","NA",NA
"QPB",15845,1995-02-21,925,NA,19,7.3,69.4,8.85,NA,0.56,5.7,0.29,2.77,3.2,NA,NA,NA,NA,NA,NA,15.85,NA,"NA","NA","NA","NA","NA","NA","NA","NA","NA","NA","NA","NA","NA","NA",NA
"QPB",15858,1995-02-28,1045,NA,19,6.72,43,7.71,NA,0.6,4.21,0.27,1.42,1.67,NA,NA,NA,NA,NA,NA,6.66,NA,"NA","NA","NA","NA","NA","NA","NA","NA","NA","NA","NA","NA","NA","NA",NA
"QPB",15871,1995-03-07,947,NA,20,7.38,78.1,8.84,NA,0.53,6.22,0.45,3.15,3.83,NA,NA,NA,NA,NA,NA,18.8,NA,"NA","NA","NA","NA","NA","NA","NA","NA","NA","NA","NA","NA","NA","NA",NA
"QPB",15884,1995-03-14,1125,NA,19,7.36,70.1,7.02,NA,0.46,4.46,0.27,2.37,3.23,NA,NA,NA,NA,NA,NA,15.7,NA,"NA","NA","NA","NA","NA","NA","NA","NA","NA","NA","NA","NA","NA","NA",NA
"QPB",15897,1995-03-21,1046,NA,19,7.32,79.1,9.46,NA,0.43,6.49,0.32,3.34,3.84,NA,NA,NA,NA,NA,NA,18.27,NA,"NA","NA","NA","NA","NA","NA","NA","NA","NA","NA","NA","NA","NA","NA",NA
"QPB",15910,1995-03-28,1050,NA,19,7.5,86.5,8.66,NA,0.54,6.7,0.36,3.71,4.54,NA,NA,NA,NA,NA,NA,21.38,NA,"NA","NA","NA","NA","NA","NA","NA","NA","NA","NA","NA","NA","NA","NA",NA
"QPB",15923,1995-04-04,1045,NA,20,7.43,79.9,9.72,NA,0.53,6.79,0.32,3.76,4.33,NA,NA,NA,NA,NA,NA,20.18,NA,"NA","NA","NA","NA","NA","NA","NA","NA","NA","NA","NA","NA","NA","NA",NA
"QPB",15936,1995-04-11,1030,NA,21,7.71,86.6,9,NA,0.51,7.44,0.37,4.35,5.53,NA,5,NA,NA,NA,NA,24.16,NA,"NA","NA","NA","NA","NA","NA","NA","NA","NA","NA","NA","NA","NA","NA",NA
"QPB",15949,1995-04-18,1020,NA,20,7.31,76.1,8.55,NA,0.55,6.74,0.52,3.82,4.49,NA,NA,NA,NA,NA,NA,20.01,NA,"NA","NA","NA","NA","NA","NA","NA","NA","NA","NA","NA","NA","NA","NA",NA
"QPB",15976,1995-04-25,1056,NA,21,7.47,91.6,8.65,NA,0.57,NA,NA,NA,NA,NA,NA,NA,NA,NA,NA,NA,NA,"NA","NA","NA","NA","NA","NA","NA","NA","NA","NA","NA","NA","NA","NA",NA
"QPB",15989,1995-05-02,1040,NA,20.5,7.26,71.6,8.58,NA,0.53,NA,NA,NA,NA,NA,NA,NA,NA,NA,NA,NA,NA,"NA","NA","NA","NA","NA","NA","NA","NA","NA","NA","NA","NA","NA","NA",NA
"QPB",16002,1995-05-09,1026,NA,20.5,7.25,83.1,8.11,NA,0.65,6.77,0.52,3.59,4.16,NA,NA,NA,NA,NA,NA,20.99,NA,"NA","NA","NA","NA","NA","NA","NA","NA","NA","NA","NA","NA","NA","NA",NA
"QPB",16015,1995-05-16,1020,NA,20,7.19,86.4,6.15,NA,0.41,6.61,0.33,3.76,4.44,NA,NA,NA,NA,NA,NA,22.68,NA,"NA","NA","NA","NA","NA","NA","NA","NA","NA","NA","NA","NA","NA","NA",NA
"QPB",16028,1995-05-23,1058,NA,24,7.26,76.1,8.63,NA,0.56,6.78,0.53,3.81,4.49,NA,NA,NA,NA,NA,NA,22.13,NA,"NA","NA","NA","NA","NA","NA","NA","NA","NA","NA","NA","NA","NA","NA",NA
"QPB",16041,1995-05-30,1035,NA,21,7.03,58,3.84,NA,0.32,NA,NA,NA,NA,NA,13,NA,NA,NA,NA,NA,NA,"NA","NA","NA","NA","NA","NA","NA","NA","NA","NA","NA","NA","NA","NA",NA
"QPB",16253,1995-06-06,940,NA,22,7.03,69.9,7.8,NA,0.52,NA,NA,NA,NA,NA,6,NA,NA,NA,NA,NA,NA,"NA","NA","NA","NA","NA","NA","NA","NA","NA","NA","NA","NA","NA","NA",NA
"QPB",16266,1995-06-13,1000,NA,23,7.02,67.5,7.12,NA,0.61,NA,NA,NA,NA,NA,9,NA,NA,NA,NA,NA,NA,"NA","NA","NA","NA","NA","NA","NA","NA","NA","NA","NA","NA","NA","NA",NA
"QPB",16279,1995-06-20,1059,NA,25,6.83,76,8.05,NA,0.59,NA,NA,NA,NA,NA,NA,NA,NA,NA,NA,NA,NA,"NA","NA","NA","NA","NA","NA","NA","NA","BDL","NA","NA","NA","NA","NA",NA
"QPB",16292,1995-06-27,1020,NA,25,7.06,79.2,8.7,NA,0.51,6.14,0.29,3.42,3.74,NA,NA,NA,NA,NA,NA,18.09,NA,"NA","NA","NA","NA","NA","NA","NA","NA","BDL","NA","NA","NA","NA","NA",NA
"QPB",16348,1995-07-05,1030,NA,22,6.97,59.6,7.39,NA,0.72,4.91,0.35,2.33,2.64,NA,NA,NA,NA,NA,NA,12.66,NA,"NA","NA","NA","NA","NA","NA","NA","NA","BDL","NA","NA","NA","NA","NA",NA
"QPB",16361,1995-07-11,1100,NA,22,7.13,76.1,8.09,NA,0.5,6.33,0.33,3.49,4.02,NA,NA,NA,NA,NA,NA,19.07,NA,"NA","NA","NA","NA","NA","NA","NA","NA","NA","NA","NA","NA","NA","NA",NA
"QPB",16374,1995-07-18,945,NA,22,7.14,76.6,7.56,NA,0.53,5.9,0.36,3.42,4.13,NA,NA,NA,NA,NA,NA,17.88,NA,"NA","NA","NA","NA","NA","NA","NA","NA","BDL","NA","NA","NA","NA","NA",NA
"QPB",16387,1995-07-26,920,NA,22.5,7.29,73.3,7.92,NA,0.53,NA,NA,NA,NA,NA,NA,NA,NA,NA,NA,NA,NA,"NA","NA","NA","NA","NA","NA","NA","NA","NA","NA","NA","NA","NA","NA",NA
"QPB",16400,1995-08-01,1135,NA,22,7.07,64.6,7.74,NA,0.5,NA,NA,NA,NA,NA,NA,NA,NA,NA,NA,NA,NA,"NA","NA","NA","NA","NA","NA","NA","NA","NA","NA","NA","NA","NA","NA",NA
"QPB",16413,1995-08-08,1035,NA,22,7.05,64.7,6.94,NA,0.55,NA,NA,NA,NA,NA,17,NA,NA,NA,NA,NA,NA,"NA","NA","NA","NA","NA","NA","NA","NA","NA","NA","NA","NA","NA","NA",NA
"QPB",16426,1995-08-15,NA,NA,NA,NA,NA,NA,NA,NA,NA,NA,NA,NA,NA,NA,NA,NA,NA,NA,NA,NA,"NA","NA","NA","NA","NA","NA","NA","NA","NA","NA","NA","NA","NA","NA",NA
"QPB",16439,1995-08-22,1000,NA,22,7.02,65.8,7.16,NA,0.55,NA,NA,NA,NA,NA,NA,NA,NA,NA,NA,NA,NA,"NA","NA","NA","NA","NA","NA","NA","NA","NA","NA","NA","NA","NA","NA",NA
"QPB",16452,1995-08-29,1130,NA,22,7.23,71.8,3.44,NA,0.34,NA,NA,NA,NA,NA,7,NA,NA,NA,NA,NA,NA,"NA","NA","NA","NA","NA","NA","NA","NA","NA","NA","NA","NA","NA","NA",NA
"QPB",16465,1995-09-12,1030,NA,22,7.15,69.9,6.41,NA,0.51,NA,NA,NA,NA,NA,5,NA,NA,NA,NA,NA,NA,"NA","NA","NA","NA","NA","NA","NA","NA","NA","NA","NA","NA","NA","NA",NA
"QPB",16478,1995-09-19,1045,NA,22,7.29,76.8,8.95,NA,0.49,NA,NA,NA,NA,NA,NA,NA,NA,NA,NA,NA,NA,"NA","NA","NA","NA","NA","NA","NA","NA","BDL","NA","NA","NA","NA","NA",NA
"QPB",16491,1995-09-26,1215,NA,21.5,7.12,80.8,NA,NA,0.3,NA,NA,NA,NA,NA,NA,NA,NA,NA,NA,NA,NA,"NA","NA","NA","NA","NA","NA","NA","NA","NA","NA","NA","NA","NA","NA",NA
"QPB",16504,1995-10-03,1020,NA,22,7.29,76,NA,NA,NA,NA,NA,NA,NA,NA,NA,NA,NA,NA,NA,NA,NA,"NA","NA","BDL","NA","NA","NA","NA","NA","NA","NA","NA","NA","NA","NA",NA
"QPB",16517,1995-10-10,1050,NA,22,6.97,63.5,NA,NA,0.41,NA,NA,NA,NA,NA,NA,NA,NA,NA,NA,NA,NA,"NA","NA","NA","NA","NA","NA","NA","NA","NA","NA","NA","NA","NA","NA",NA
"QPB",16530,1995-10-17,1110,NA,23,7.03,65.3,NA,NA,NA,NA,NA,NA,NA,NA,NA,NA,NA,NA,NA,NA,NA,"NA","NA","NA","NA","NA","NA","NA","NA","NA","NA","NA","NA","NA","NA",NA
"QPB",16543,1995-10-24,1135,NA,22,6.88,54.8,NA,NA,NA,NA,NA,NA,NA,NA,NA,NA,NA,NA,NA,NA,NA,"NA","NA","NA","NA","NA","NA","NA","NA","BDL","NA","NA","NA","NA","NA",NA
"QPB",16556,1995-10-31,1100,NA,22,7.15,73.3,NA,NA,NA,NA,NA,NA,NA,NA,NA,NA,NA,NA,NA,NA,NA,"NA","NA","NA","NA","NA","NA","NA","NA","NA","NA","NA","NA","NA","NA",NA
"QPB",16569,1995-11-07,1130,NA,22,7.13,64.4,NA,NA,NA,NA,NA,NA,NA,NA,NA,NA,NA,NA,NA,NA,NA,"NA","NA","NA","NA","NA","NA","NA","NA","NA","NA","NA","NA","NA","NA",NA
"QPB",16582,1995-11-14,1110,NA,22.5,7.34,75.3,NA,NA,NA,NA,NA,NA,NA,NA,NA,NA,NA,NA,NA,NA,NA,"NA","NA","NA","NA","NA","NA","NA","NA","BDL","NA","NA","NA","NA","NA",NA
"QPB",16595,1995-11-21,1105,NA,22,7.37,75.6,NA,NA,NA,NA,NA,NA,NA,NA,NA,NA,NA,NA,NA,NA,NA,"NA","NA","NA","NA","NA","NA","NA","NA","NA","NA","NA","NA","NA","NA",NA
"QPB",16608,1995-11-28,1130,NA,22.5,7.21,71.5,4.3,NA,0.37,NA,NA,NA,NA,NA,NA,NA,NA,NA,NA,NA,NA,"NA","NA","NA","NA","NA","NA","NA","NA","BDL","NA","NA","NA","NA","NA",NA
"QPB",16621,1995-12-05,1130,NA,22,7.26,85.5,8.28,NA,0.52,NA,NA,NA,NA,NA,NA,NA,NA,NA,NA,NA,NA,"NA","NA","NA","NA","NA","NA","NA","NA","BDL","NA","NA","NA","NA","NA",NA
"QPB",16634,1995-12-12,1220,NA,22,7.25,72.9,8.24,NA,0.57,5.96,0.28,3.06,3.97,NA,NA,NA,NA,NA,NA,17.28,NA,"NA","NA","NA","NA","NA","NA","NA","NA","BDL","NA","NA","NA","NA","NA",NA
"QPB",16647,1995-12-19,1240,NA,22,7.08,59.4,7.36,NA,0.52,5.26,0.46,2.08,2.7,NA,NA,NA,NA,NA,NA,12.3,NA,"NA","NA","NA","NA","NA","NA","NA","NA","BDL","NA","NA","NA","NA","NA",NA
"QPB",16660,1995-12-26,1235,NA,22,7.46,76.1,9.13,NA,0.49,6.91,0.31,4.01,4.97,NA,NA,NA,NA,NA,NA,20.67,NA,"NA","NA","NA","NA","NA","NA","NA","NA","NA","NA","NA","NA","NA","NA",NA
"QPB",16673,1996-01-02,1220,NA,22,7.39,76.5,8.3,NA,0.49,6.37,0.44,3.5,4.18,NA,NA,NA,NA,NA,NA,21.34,NA,"NA","NA","NA","NA","NA","NA","NA","NA","NA","NA","NA","NA","NA","NA",NA
"QPB",16686,1996-01-09,1040,NA,22,7.46,73.8,5.5,NA,0.5,6.74,0.41,3.45,4.24,NA,NA,NA,NA,NA,NA,18.56,NA,"NA","NA","NA","NA","NA","NA","NA","NA","NA","NA","NA","NA","NA","NA",NA
"QPB",16699,1996-01-16,1135,NA,22,6.96,51,9.01,NA,0.23,6.58,0.47,2.65,3.13,NA,NA,NA,NA,NA,NA,10.79,NA,"NA","NA","NA","NA","NA","NA","NA","NA","NA","NA","NA","NA","NA","NA",NA
"QPB",16712,1996-01-23,1045,NA,21,7.13,60.7,11.68,NA,0.72,8.76,0.58,3.96,4.58,NA,NA,NA,NA,NA,NA,16.82,NA,"NA","NA","NA","NA","NA","NA","NA","NA","NA","NA","NA","NA","NA","NA",NA
"QPB",16725,1996-01-30,1120,NA,21,7.08,63.5,8.47,NA,0.47,5.59,0.44,2.46,2.88,NA,NA,NA,NA,NA,NA,15.29,NA,"NA","NA","NA","NA","NA","NA","NA","NA","BDL","NA","NA","NA","NA","NA",NA
"QPB",16766,1996-02-06,1145,NA,21,7.07,59.5,8.93,NA,0.56,5.68,0.53,2.29,2.72,NA,NA,NA,NA,NA,NA,10.49,NA,"NA","NA","NA","NA","NA","NA","NA","NA","BDL","NA","NA","NA","NA","NA",NA
"QPB",16772,1996-02-13,1130,NA,21,7.27,75.6,10.2,NA,0.52,6.07,0.37,3.05,3.59,NA,NA,NA,NA,NA,NA,20.2,NA,"NA","NA","NA","NA","NA","NA","NA","NA","NA","NA","NA","NA","NA","NA",NA
"QPB",16789,1996-02-20,1130,NA,21,7.31,80.3,8.56,NA,0.48,6.84,0.38,3.36,4.03,NA,NA,NA,NA,NA,NA,19.78,NA,"NA","NA","NA","NA","NA","NA","NA","NA","BDL","NA","NA","NA","NA","NA",NA
"QPB",16802,1996-02-27,1040,NA,21,7.5,81.9,8.28,NA,0.5,6.54,0.36,3.56,4.34,NA,NA,NA,NA,NA,NA,20.32,NA,"NA","NA","NA","NA","NA","NA","NA","NA","NA","NA","NA","NA","NA","NA",NA
"QPB",16815,1996-03-05,1155,NA,21,7.4,71.5,8.3,NA,0.66,6.07,0.54,2.96,3.46,NA,NA,NA,NA,NA,NA,15.62,NA,"NA","NA","NA","NA","NA","NA","NA","NA","NA","NA","NA","NA","NA","NA",NA
"QPB",16828,1996-03-12,951,NA,21,7.5,71.9,12.73,NA,0.79,8.94,0.76,4.58,5.77,NA,5,NA,NA,NA,NA,16.24,NA,"NA","NA","NA","NA","NA","NA","NA","NA","NA","NA","NA","NA","NA","NA",NA
"QPB",16841,1996-03-19,1110,NA,21,7.4,79.8,8.28,NA,0.51,6.56,0.29,3.59,4.49,NA,NA,NA,NA,NA,NA,21.46,NA,"NA","NA","NA","NA","NA","NA","NA","NA","BDL","NA","NA","NA","NA","NA",NA
"QPB",16854,1996-03-26,1040,NA,21,7.48,87.4,8.31,NA,0.54,6.77,0.41,3.58,3.82,NA,NA,NA,NA,NA,NA,21.97,NA,"NA","NA","NA","NA","NA","NA","NA","NA","BDL","NA","NA","NA","NA","NA",NA
"QPB",16867,1996-04-02,1115,NA,22,7.34,84.2,8.39,NA,0.57,6.61,0.56,3.61,4.18,NA,NA,NA,NA,NA,NA,19.35,NA,"NA","NA","NA","NA","NA","NA","NA","NA","BDL","NA","NA","NA","NA","NA",NA
"QPB",16880,1996-04-09,1145,NA,22,7.42,82.4,8.16,NA,0.53,6.5,0.4,3.34,4.19,NA,NA,NA,NA,NA,NA,22.12,NA,"NA","NA","NA","NA","NA","NA","NA","NA","BDL","NA","NA","NA","NA","NA",NA
"QPB",16893,1996-04-16,1120,NA,21,7.12,61.9,9.03,NA,0.63,5.79,0.36,2.23,2.7,NA,NA,NA,NA,NA,NA,12.24,NA,"NA","NA","NA","NA","NA","NA","NA","NA","BDL","NA","NA","NA","NA","NA",NA
"QPB",16906,1996-04-23,1120,NA,22,7.25,79.8,9.88,NA,0.68,8.73,0.66,3.84,4.04,NA,NA,NA,NA,NA,NA,18.93,NA,"NA","NA","NA","NA","NA","NA","NA","NA","BDL","NA","NA","NA","NA","NA",NA
"QPB",16919,1996-04-30,1020,NA,22,7.31,66.1,9.44,NA,0.71,5.35,0.39,2.01,2.14,NA,6,NA,NA,NA,NA,11.89,NA,"NA","NA","NA","NA","NA","NA","NA","NA","NA","NA","NA","NA","NA","NA",NA
"QPB",16932,1996-05-07,1050,NA,22,7.07,53.8,12.82,NA,1.06,6.91,0.56,2.34,2.98,NA,NA,NA,NA,NA,NA,NA,NA,"NA","NA","NA","NA","NA","NA","NA","NA","BDL","NA","NA","NA","NA","NA",NA
"QPB",16945,1996-05-14,1120,NA,21,7.17,62.2,8.02,NA,0.49,5.5,0.36,2.38,2.84,NA,NA,NA,NA,NA,NA,14.09,NA,"NA","NA","NA","NA","NA","NA","NA","NA","BDL","NA","NA","NA","NA","NA",NA
"QPB",16958,1996-05-21,1145,NA,23,7.42,79.8,8.42,NA,0.47,6.65,0.41,3.35,3.91,NA,5,NA,NA,NA,NA,21.4,NA,"NA","NA","NA","NA","NA","NA","NA","NA","NA","NA","NA","NA","NA","NA",NA
"QPB",16971,1996-05-28,1025,NA,23,7.47,80.4,8.63,NA,0.47,6.7,0.29,3.56,4.45,NA,NA,NA,NA,NA,NA,18.23,NA,"NA","NA","NA","NA","NA","NA","NA","NA","BDL","NA","NA","NA","NA","NA",NA
"QPB",16984,1996-06-04,1021,NA,22.5,7.27,61,7.88,NA,0.77,5.22,0.36,2.22,3.03,NA,6,NA,NA,NA,NA,NA,NA,"NA","NA","NA","NA","NA","NA","NA","NA","NA","NA","NA","NA","NA","NA",NA
"QPB",16997,1996-06-11,1008,NA,22,7.19,63.1,8.01,NA,0.66,5.56,0.29,2.64,3.44,NA,NA,NA,NA,NA,NA,12.01,NA,"NA","NA","NA","NA","NA","NA","NA","NA","BDL","NA","NA","NA","NA","NA",NA
"QPB",17010,1996-06-18,958,NA,22.5,7.35,65.7,8.14,NA,0.52,5.61,0.43,2.57,3.11,NA,NA,NA,NA,NA,NA,NA,NA,"NA","NA","NA","NA","NA","NA","NA","NA","BDL","NA","NA","NA","NA","NA",NA
"QPB",17023,1996-06-25,1100,NA,23,7.39,71.9,9.15,NA,0.53,6.55,0.37,3.09,3.69,NA,NA,NA,NA,NA,NA,18.16,NA,"NA","NA","NA","NA","NA","NA","NA","NA","BDL","NA","NA","NA","NA","NA",NA
"QPB",17036,1996-07-02,1030,NA,23,7.36,79.5,11.62,NA,0.65,8.13,0.36,4.12,4.74,NA,NA,NA,NA,NA,NA,NA,NA,"NA","NA","NA","NA","NA","NA","NA","NA","BDL","NA","NA","NA","NA","NA",NA
"QPB",17049,1996-07-09,1145,NA,22,7.15,70.3,10.82,NA,0.62,6.47,0.54,2.41,3.18,NA,NA,NA,NA,NA,NA,NA,NA,"NA","NA","NA","NA","NA","NA","NA","NA","BDL","NA","NA","NA","NA","NA",NA
"QPB",17062,1996-07-16,NA,NA,NA,NA,NA,NA,NA,NA,NA,NA,NA,NA,NA,NA,NA,NA,NA,NA,NA,NA,"NA","NA","NA","NA","NA","NA","NA","NA","BDL","NA","NA","NA","NA","NA",NA
"QPB",17075,1996-07-23,1140,NA,23,7.39,79.6,8.67,NA,0.46,6.26,0.33,3.24,4.31,NA,NA,NA,NA,NA,NA,21.63,NA,"NA","NA","NA","NA","NA","NA","NA","NA","BDL","NA","NA","NA","NA","NA",NA
"QPB",17088,1996-07-30,1100,NA,23,7.37,79.1,8.76,137,NA,6.59,0.47,3.53,4.79,NA,5,NA,NA,NA,NA,20.41,NA,"NA","NA","NA","NA","NA","NA","NA","NA","NA","NA","NA","NA","NA","NA",NA
"QPB",18001,1996-08-06,1205,NA,23,7.23,71.2,12.82,NA,0.81,8.58,0.48,4.07,4.86,NA,NA,NA,NA,NA,NA,14.1,NA,"NA","NA","NA","NA","NA","NA","NA","NA","BDL","NA","NA","NA","NA","NA",NA
"QPB",18014,1996-08-13,1140,NA,23,7.41,79.1,8.8,NA,0.44,6.57,0.35,3.29,4.05,NA,NA,NA,NA,NA,NA,18.35,NA,"NA","NA","NA","NA","NA","NA","NA","NA","BDL","NA","NA","NA","NA","NA",NA
"QPB",18027,1996-08-20,1100,NA,23,7.29,73.6,8.32,NA,0.43,6.03,0.26,2.94,3.29,NA,NA,NA,NA,NA,NA,16.96,NA,"NA","NA","NA","NA","NA","NA","NA","NA","BDL","NA","NA","NA","NA","NA",NA
"QPB",18040,1996-08-27,1135,NA,23,7.4,51.2,8.38,NA,0.44,6.31,0.37,3.37,4.46,NA,NA,NA,NA,NA,NA,18.23,NA,"NA","NA","NA","NA","NA","NA","NA","NA","BDL","NA","NA","NA","NA","NA",NA
"QPB",18053,1996-09-03,1120,NA,24,7.33,81,8.66,NA,0.46,6.68,0.25,3.68,4.49,NA,NA,NA,NA,NA,NA,18.64,NA,"NA","NA","NA","NA","NA","NA","NA","NA","BDL","NA","NA","NA","NA","NA",NA
"QPB",18066,1996-09-10,1245,NA,22,7.26,50.1,7.2,NA,0.48,4.75,0.21,1.71,2.04,NA,NA,NA,NA,NA,NA,NA,NA,"NA","NA","NA","NA","NA","NA","NA","NA","BDL","NA","NA","NA","NA","NA",NA
"QPB",18079,1996-09-17,1150,NA,23,7.3,70.1,8.34,NA,0.48,5.76,0.48,2.82,3.61,NA,NA,NA,NA,NA,NA,NA,NA,"NA","NA","NA","NA","NA","NA","NA","NA","BDL","NA","NA","NA","NA","NA",NA
"QPB",18092,1996-09-24,1230,NA,24,7.45,78.8,8.42,NA,0.45,6.51,0.31,3.18,4.16,NA,NA,NA,NA,NA,NA,NA,NA,"NA","NA","NA","NA","NA","NA","NA","NA","BDL","NA","NA","NA","NA","NA",NA
"QPB",19005,1996-10-01,1140,NA,23,7.36,76.1,9.06,NA,0.53,6.19,0.37,3.27,4.08,NA,NA,NA,NA,NA,NA,20.57,NA,"NA","NA","NA","NA","NA","NA","NA","NA","BDL","NA","NA","NA","NA","NA",NA
"QPB",19018,1996-10-08,920,NA,23,7.27,79.2,8.6,NA,0.48,6.57,0.22,3.77,4.65,NA,NA,NA,NA,NA,NA,20.84,NA,"NA","NA","NA","NA","NA","NA","NA","NA","BDL","NA","NA","NA","NA","NA",NA
"QPB",19031,1996-10-15,1205,NA,23,7.46,87.4,7.91,94,NA,7.69,0.4,3.61,4.43,NA,NA,NA,NA,NA,NA,3.33,NA,"NA","NA","NA","NA","NA","NA","NA","NA","BDL","NA","NA","NA","NA","NA",NA
"QPB",19044,1996-10-22,1120,NA,23,7.31,89.7,8.27,109,NA,7.21,0.4,3.73,4.78,NA,NA,NA,NA,NA,NA,14.57,NA,"NA","NA","NA","NA","NA","NA","NA","NA","BDL","NA","NA","NA","NA","NA",NA
"QPB",19057,1996-10-29,1200,NA,23,7.39,58.1,6.42,99,NA,5.78,0.39,2.38,2.83,NA,NA,NA,NA,NA,NA,0.8,NA,"NA","NA","NA","NA","NA","NA","NA","NA","BDL","NA","NA","NA","NA","NA",NA
"QPB",19070,1996-11-05,1045,NA,23,7.17,61.1,7.09,85,NA,6.91,0.4,2.64,3.6,NA,NA,NA,NA,NA,NA,9.67,NA,"NA","NA","NA","NA","NA","NA","NA","NA","BDL","NA","NA","NA","NA","NA",NA
"QPB",19083,1996-11-12,1015,NA,22,6.91,33.5,5.64,10,NA,4.65,0.43,0.88,1,NA,5,NA,NA,NA,NA,5.59,NA,"NA","NA","NA","NA","NA","NA","NA","NA","NA","NA","NA","NA","NA","NA",NA
"QPB",19096,1996-11-19,1130,NA,22,7.3,66.3,7.38,72,NA,6.05,0.43,2.69,3.49,NA,NA,NA,NA,NA,NA,11.37,NA,"NA","NA","NA","NA","NA","NA","NA","NA","BDL","NA","NA","NA","NA","NA",NA
"QPB",19109,1996-11-26,1135,NA,22,7.49,66.8,7.89,80,NA,5.92,0.56,2.59,3.21,NA,NA,NA,NA,NA,NA,9.74,NA,"NA","NA","NA","NA","NA","NA","NA","NA","NA","NA","NA","NA","NA","NA",NA
"QPB",19122,1996-12-03,915,NA,22,7.51,71.5,8.11,87,NA,6.97,0.6,2.96,3.56,NA,NA,NA,NA,NA,NA,13.48,NA,"NA","NA","NA","NA","NA","NA","NA","NA","BDL","NA","NA","NA","NA","NA",NA
"QPB",19135,1996-12-10,1145,NA,21,7.41,80.4,8.27,91,NA,6.32,0.35,3.33,4.55,NA,NA,NA,NA,NA,NA,7.1,NA,"NA","NA","NA","NA","NA","NA","NA","NA","BDL","NA","NA","NA","NA","NA",NA
"QPB",19148,1996-12-17,1135,NA,21,7.18,85,10.49,118,NA,9.08,0.84,2.67,4.95,NA,NA,NA,NA,NA,NA,5.44,NA,"NA","NA","NA","NA","NA","NA","NA","NA","BDL","NA","NA","NA","NA","NA",NA
"QPB",19161,1996-12-24,1100,NA,21,7.42,82.6,8.41,85,NA,6.74,0.42,3.31,4.08,NA,4,NA,NA,NA,NA,21.32,NA,"NA","NA","NA","NA","NA","NA","NA","NA","NA","NA","NA","NA","NA","NA",NA
"QPB",19187,1997-01-08,1020,NA,21,7.51,73.1,7.95,135,NA,6.28,0.4,3.28,4.32,NA,NA,NA,NA,NA,NA,4.51,NA,"NA","NA","NA","NA","NA","NA","NA","NA","BDL","NA","NA","NA","NA","NA",NA
"QPB",19200,1997-01-14,1200,NA,21,7.27,76.1,8.71,91,NA,7.21,0.53,3.29,3.95,NA,NA,NA,NA,NA,NA,20.85,NA,"NA","NA","NA","NA","NA","NA","NA","NA","BDL","NA","NA","NA","NA","NA",NA
"QPB",19213,1997-01-21,1140,NA,21,7.11,42.7,5.87,67,NA,3.92,0.27,1.39,1.64,NA,NA,NA,NA,NA,NA,1.29,NA,"NA","NA","NA","NA","NA","NA","NA","NA","BDL","NA","NA","NA","NA","NA",NA
"QPB",19226,1997-01-28,1115,NA,20,7.23,64.1,8.67,68,NA,5.86,0.37,2.25,2.68,NA,NA,NA,NA,NA,NA,4.42,NA,"NA","NA","NA","NA","NA","NA","NA","NA","BDL","NA","NA","NA","NA","NA",NA
"QPB",19234,1997-02-04,1200,NA,20,7.15,64,8.02,103,NA,6.91,0.43,3.09,4,NA,NA,NA,NA,NA,NA,20.4,NA,"NA","NA","NA","NA","NA","NA","NA","NA","BDL","NA","NA","NA","NA","NA",NA
"QPB",19246,1997-02-11,1140,NA,20,6.69,71,10.42,21,NA,6.56,0.2,1.67,1.51,NA,NA,NA,NA,NA,NA,6.46,NA,"NA","NA","NA","NA","NA","NA","NA","NA","BDL","NA","NA","NA","NA","NA",NA
"QPB",19259,1997-02-18,1130,NA,20,6.93,77.8,8.5,80,NA,6.61,0.35,3.12,3.88,NA,NA,NA,NA,NA,NA,17.47,NA,"NA","NA","NA","NA","NA","NA","NA","NA","BDL","NA","NA","NA","NA","NA",NA
"QPB",19274,1997-02-25,1245,NA,22,7.15,70.3,7.02,61,NA,5.57,0.24,2.32,2.78,NA,NA,NA,NA,NA,NA,2.87,NA,"NA","NA","NA","NA","NA","NA","NA","NA","BDL","NA","NA","NA","NA","NA",NA
"QPB",19286,1997-03-04,1130,NA,21,7.01,74.9,9.21,76,NA,7.08,0.45,2.84,3.65,NA,NA,NA,NA,NA,NA,1.98,NA,"NA","NA","NA","NA","NA","NA","NA","NA","BDL","NA","NA","NA","NA","NA",NA
"QPB",19298,1997-03-11,1145,NA,20,7.4,76.9,8.19,100,NA,6.63,0.41,3.07,4.18,NA,NA,NA,NA,NA,NA,0.37,NA,"NA","NA","NA","NA","NA","NA","NA","NA","BDL","NA","NA","NA","NA","NA",NA
"QPB",19310,1997-03-18,1040,NA,20,7.07,77.4,8.75,76,NA,7.52,0.57,3.35,4.32,NA,NA,NA,NA,NA,NA,7.3,NA,"NA","NA","NA","NA","NA","NA","NA","NA","BDL","NA","NA","NA","NA","NA",NA
"QPB",19322,1997-03-25,1010,NA,20,7.16,77.9,9.33,116,NA,7.33,0.32,3.76,5.43,NA,NA,NA,NA,NA,NA,10.23,NA,"NA","NA","NA","NA","NA","NA","NA","NA","BDL","NA","NA","NA","NA","NA",NA
"QPB",19334,1997-04-01,1105,NA,20,7.2,92,12.47,NA,NA,8.72,0.35,3.72,4.8,NA,NA,NA,NA,NA,NA,3.46,NA,"NA","NA","NA","NA","NA","NA","NA","NA","BDL","NA","NA","NA","NA","NA",NA
"QPB",19346,1997-04-08,1200,NA,19.5,7.27,76.4,NA,NA,NA,10,0.51,3.79,4.9,NA,NA,NA,NA,NA,NA,10.97,NA,"NA","NA","NA","NA","NA","NA","NA","NA","BDL","NA","NA","NA","NA","NA",NA
"QPB",19358,1997-04-15,930,NA,21,7.31,76.4,12.39,98,NA,8.79,0.65,4.33,5.53,NA,NA,NA,NA,NA,NA,4.07,NA,"NA","NA","NA","NA","NA","NA","NA","NA","BDL","NA","NA","NA","NA","NA",NA
"QPB",19370,1997-04-22,1030,NA,21,7.25,87.5,10.05,73,NA,8.51,0.23,3.62,4.36,NA,NA,NA,NA,NA,NA,8.04,NA,"NA","NA","NA","NA","NA","NA","NA","NA","BDL","NA","NA","NA","NA","NA",NA
"QPB",19382,1997-04-29,1100,NA,21,7.1,90.6,9.98,354,0.76,9.9,0.5,4.05,4.64,NA,15,2.23,NA,0.27,NA,3.43,NA,"NA","NA","NA","NA","NA","NA","NA","NA","NA","NA","NA","NA","NA","NA",NA
"QPB",19394,1997-05-06,1125,NA,21,7.26,87.4,7.44,194,NA,7.3,0.32,3.28,4.14,NA,NA,NA,NA,NA,NA,3.22,NA,"NA","NA","NA","NA","NA","NA","NA","NA","BDL","NA","NA","NA","NA","NA",NA
"QPB",19406,1997-05-13,1130,NA,22,7.36,81.9,9.78,96,NA,6.92,0.4,3.38,4.32,NA,NA,NA,NA,NA,NA,14.76,NA,"NA","NA","NA","NA","NA","NA","NA","NA","BDL","NA","NA","NA","NA","NA",NA
"QPB",19418,1997-05-20,1040,NA,21,6.72,77.6,9.4,120,NA,7.1,0.59,3.19,3.78,NA,NA,NA,NA,NA,NA,4.34,NA,"NA","NA","NA","NA","NA","NA","NA","NA","BDL","NA","NA","NA","NA","NA",NA
"QPB",19430,1997-05-27,1030,NA,21,7.43,79.8,9.22,75,NA,10.73,0.47,3.53,4.11,NA,NA,NA,NA,NA,NA,3.64,NA,"NA","NA","NA","NA","NA","NA","NA","NA","BDL","NA","NA","NA","NA","NA",NA
"QPB",19442,1997-06-03,1120,NA,21,6.71,76.2,8.98,83,0.97,5.59,0.37,1.5,2.26,NA,NA,NA,NA,NA,NA,9.78,NA,"NA","NA","NA","NA","NA","NA","NA","NA","BDL","NA","NA","NA","NA","NA",NA
"QPB",19454,1997-06-10,1115,NA,22,6.96,88.7,8.86,NA,NA,8.48,0.53,3.47,4.79,NA,NA,NA,NA,NA,NA,9.51,NA,"NA","NA","NA","NA","NA","NA","NA","NA","BDL","NA","NA","NA","NA","NA",NA
"QPB",19466,1997-06-17,1110,NA,22,7.21,79.9,8.27,101,NA,7.04,0.42,3.87,5.06,NA,NA,NA,NA,NA,NA,4.52,NA,"NA","NA","NA","NA","NA","NA","NA","NA","BDL","NA","NA","NA","NA","NA",NA
"QPB",19478,1997-06-24,1110,NA,22,7.01,69.9,10.21,76,NA,10.16,0.95,2.27,3.33,NA,NA,NA,NA,NA,NA,9.85,NA,"NA","NA","NA","NA","NA","NA","NA","NA","BDL","NA","NA","NA","NA","NA",NA
"QPB",19490,1997-07-01,1130,NA,23,7.36,81.3,8.57,59,NA,6.47,0.3,3.57,4.38,NA,NA,NA,NA,NA,NA,3.16,NA,"NA","NA","NA","NA","NA","NA","NA","NA","BDL","NA","NA","NA","NA","NA",NA
"QPB",19502,1997-07-08,1120,NA,23,7.01,79.1,11.12,137,NA,6.84,0.34,2.45,4.21,NA,NA,NA,NA,NA,NA,2.57,NA,"NA","NA","NA","NA","NA","NA","NA","NA","BDL","NA","NA","NA","NA","NA",NA
"QPB",19514,1997-07-15,1125,NA,23,6.75,80.3,9.82,193,NA,6.59,0.35,2.54,4.38,NA,10,NA,NA,NA,NA,14.38,NA,"NA","NA","NA","NA","NA","NA","NA","NA","NA","NA","NA","NA","NA","NA",NA
"QPB",19526,1997-07-23,145,NA,22,6.63,59,10.27,NA,NA,5.83,0.28,1.85,3.18,NA,NA,NA,NA,NA,NA,27.72,NA,"NA","NA","NA","NA","NA","NA","NA","NA","BDL","NA","NA","NA","NA","NA",NA
"QPB",19538,1997-08-01,1025,NA,23,7.13,77.1,9.63,106,NA,7.09,0.36,2.65,4.99,NA,NA,NA,NA,NA,NA,17.55,NA,"NA","NA","NA","NA","NA","NA","NA","NA","BDL","NA","NA","NA","NA","NA",NA
"QPB",19550,1997-08-05,1130,NA,22,7.4,82.2,10.2,100,NA,NA,NA,NA,NA,NA,NA,NA,NA,NA,NA,21.28,NA,"NA","NA","NA","NA","NA","NA","NA","NA","BDL","NA","NA","NA","NA","NA",NA
"QPB",19562,1997-08-12,1130,NA,23,7.01,71.6,7.97,48,NA,6.56,0.32,2.81,3.39,NA,NA,NA,NA,NA,NA,17.48,NA,"NA","NA","NA","NA","NA","NA","NA","NA","BDL","NA","NA","NA","NA","NA",NA
"QPB",19574,1997-08-19,1030,NA,23,7.35,79.2,10.11,77,NA,6.62,0.75,3.07,5.35,NA,NA,NA,NA,NA,NA,18.37,NA,"NA","NA","NA","NA","NA","NA","NA","NA","BDL","NA","NA","NA","NA","NA",NA
"QPB",19586,1997-08-26,1021,NA,22,6.83,67.5,8.57,30,NA,5.92,0.35,2.5,3.06,NA,NA,NA,NA,NA,NA,3.75,NA,"NA","NA","NA","NA","NA","NA","NA","NA","BDL","NA","NA","NA","NA","NA",NA
"QPB",19598,1997-09-02,1125,NA,23,6.89,66,9.87,73,NA,5.94,0.89,2.01,3.33,NA,9,NA,NA,NA,NA,26.73,NA,"NA","NA","NA","NA","NA","NA","NA","NA","NA","NA","NA","NA","NA","NA",NA
"QPB",19610,1997-09-09,1120,NA,23,6.95,75.4,1.62,9,0.89,1.18,0.13,0.94,0.54,NA,6,NA,NA,NA,NA,NA,NA,"NA","NA","NA","NA","NA","NA","NA","NA","NA","NA","NA","NA","NA","NA",NA
"QPB",19622,1997-09-16,1110,NA,23,7.15,59,8.91,54,NA,6.43,0.18,2.35,4.12,NA,NA,NA,NA,NA,NA,12.41,NA,"NA","NA","NA","NA","NA","NA","NA","NA","BDL","NA","NA","NA","NA","NA",NA
"QPB",19634,1997-09-23,NA,NA,NA,NA,NA,NA,NA,NA,NA,NA,NA,NA,NA,NA,NA,NA,NA,NA,NA,NA,"NA","NA","NA","NA","NA","NA","NA","NA","NA","NA","NA","NA","NA","NA",NA
"QPB",1174110002,2015-08-24,1100,NA,NA,NA,NA,NA,NA,NA,NA,NA,NA,NA,NA,NA,NA,NA,NA,NA,NA,NA,"NA","NA","NA","NA","NA","NA","NA","NA","NA","NA","NA","NA","NA","NA",NA
